"loc.id","time1"
231,1
231,2
144,3
144,4
231,5
231,6
231,7
231,8
231,9
144,10
231,11
231,12
144,13
27,14
231,15
231,16
68,17
2,18
231,19
231,20
231,21
144,22
231,23
231,24
2,25
231,26
144,27
144,28
294,29
231,30
231,31
231,32
231,33
231,34
231,35
144,36
231,37
68,38
231,39
2,40
231,41
231,42
231,43
43,44
231,45
231,46
231,47
144,48
144,49
27,50
231,51
231,52
231,53
231,54
231,55
231,56
144,57
231,58
144,59
231,60
231,61
144,62
231,63
231,64
144,65
144,66
43,67
231,68
144,69
231,70
231,71
144,72
68,73
2,74
231,75
144,76
231,77
144,78
231,79
233,80
231,81
231,82
231,83
2,84
231,85
144,86
231,87
144,88
231,89
231,90
231,91
231,92
144,93
144,94
231,95
231,96
231,97
231,98
231,99
231,100
54,101
231,102
144,103
231,104
68,105
2,106
231,107
294,108
231,109
144,110
183,111
63,112
183,113
183,114
44,115
63,116
63,117
235,118
239,119
183,120
282,121
239,122
239,123
239,124
183,125
183,126
282,127
183,128
239,129
239,130
282,131
183,132
63,133
282,134
239,135
239,136
97,137
183,138
239,139
183,140
239,141
63,142
183,143
239,144
107,145
107,146
47,147
239,148
72,149
282,150
183,151
44,152
183,153
239,154
282,155
183,156
239,157
183,158
183,159
239,160
183,161
239,162
239,163
183,164
282,165
183,166
63,167
183,168
239,169
44,170
183,171
239,172
239,173
183,174
13,175
282,176
183,177
63,178
239,179
282,180
183,181
239,182
239,183
282,184
63,185
183,186
282,187
183,188
239,189
63,190
282,191
239,192
239,193
282,194
239,195
63,196
63,197
239,198
10,199
183,200
282,201
239,202
183,203
10,204
10,205
239,206
183,207
63,208
239,209
239,210
10,211
239,212
239,213
239,214
239,215
239,216
282,217
282,218
239,219
97,220
239,221
183,222
183,223
239,224
183,225
183,226
239,227
239,228
282,229
183,230
183,231
239,232
239,233
183,234
239,235
239,236
183,237
183,238
239,239
183,240
282,241
239,242
44,243
239,244
183,245
239,246
183,247
282,248
239,249
239,250
239,251
183,252
239,253
282,254
282,255
282,256
239,257
282,258
97,259
63,260
239,261
239,262
63,263
282,264
239,265
239,266
183,267
282,268
239,269
239,270
183,271
63,272
183,273
10,274
183,275
239,276
239,277
282,278
183,279
239,280
239,281
239,282
282,283
282,284
239,285
282,286
63,287
97,288
282,289
183,290
282,291
282,292
10,293
183,294
235,295
239,296
282,297
183,298
239,299
239,300
183,301
236,302
239,303
63,304
183,305
239,306
183,307
63,308
239,309
239,310
239,311
282,312
183,313
183,314
183,315
282,316
282,317
239,318
183,319
183,320
54,321
63,322
282,323
282,324
239,325
183,326
239,327
183,328
63,329
239,330
13,331
239,332
183,333
239,334
183,335
239,336
239,337
183,338
183,339
10,340
282,341
239,342
282,343
63,344
63,345
97,346
63,347
183,348
239,349
183,350
239,351
239,352
183,353
183,354
183,355
183,356
183,357
54,358
183,359
239,360
63,361
107,362
239,363
239,364
239,365
239,366
63,367
63,368
239,369
183,370
239,371
239,372
183,373
10,374
282,375
239,376
107,377
239,378
183,379
239,380
72,381
239,382
183,383
183,384
183,385
236,386
13,387
63,388
183,389
239,390
10,391
183,392
239,393
183,394
107,395
282,396
290,397
63,398
235,399
183,400
44,401
183,402
44,403
239,404
183,405
239,406
107,407
54,408
239,409
239,410
239,411
63,412
282,413
282,414
183,415
282,416
72,417
239,418
239,419
239,420
47,421
72,422
183,423
63,424
183,425
239,426
239,427
282,428
290,429
282,430
183,431
183,432
63,433
183,434
239,435
282,436
239,437
63,438
235,439
282,440
183,441
239,442
97,443
239,444
282,445
239,446
239,447
282,448
239,449
282,450
239,451
239,452
239,453
282,454
282,455
282,456
239,457
10,458
239,459
239,460
239,461
183,462
282,463
239,464
239,465
282,466
282,467
282,468
183,469
183,470
239,471
239,472
282,473
239,474
54,475
282,476
183,477
183,478
236,479
239,480
239,481
239,482
239,483
239,484
239,485
63,486
239,487
54,488
97,489
236,490
47,491
183,492
235,493
239,494
282,495
183,496
239,497
239,498
239,499
10,500
282,501
183,502
239,503
239,504
183,505
239,506
44,507
239,508
282,509
239,510
239,511
282,512
282,513
239,514
282,515
44,516
97,517
239,518
282,519
54,520
239,521
63,522
183,523
282,524
282,525
282,526
282,527
10,528
239,529
183,530
63,531
239,532
44,533
183,534
239,535
239,536
239,537
183,538
97,539
239,540
183,541
239,542
63,543
239,544
282,545
49,546
13,547
282,548
13,549
180,550
13,551
13,552
13,553
13,554
282,555
282,556
13,557
274,558
13,559
274,560
13,561
49,562
13,563
180,564
282,565
13,566
13,567
13,568
180,569
13,570
282,571
13,572
13,573
28,574
13,575
282,576
13,577
49,578
267,579
13,580
13,581
282,582
13,583
282,584
282,585
13,586
13,587
13,588
13,589
267,590
282,591
180,592
13,593
13,594
13,595
282,596
289,597
282,598
13,599
176,600
13,601
289,602
49,603
282,604
13,605
282,606
13,607
13,608
180,609
13,610
13,611
13,612
13,613
180,614
13,615
13,616
13,617
13,618
289,619
13,620
13,621
13,622
289,623
13,624
13,625
49,626
180,627
13,628
282,629
87,630
13,631
13,632
13,633
13,634
13,635
13,636
13,637
49,638
282,639
13,640
13,641
13,642
180,643
13,644
13,645
282,646
13,647
49,648
49,649
282,650
13,651
13,652
13,653
13,654
87,655
49,656
203,657
282,658
13,659
267,660
13,661
13,662
274,663
180,664
87,665
180,666
87,667
13,668
282,669
13,670
282,671
87,672
13,673
180,674
13,675
49,676
282,677
13,678
13,679
282,680
13,681
282,682
267,683
13,684
13,685
274,686
282,687
267,688
282,689
13,690
282,691
49,692
180,693
13,694
282,695
13,696
282,697
13,698
13,699
282,700
13,701
298,702
87,703
267,704
13,705
13,706
298,707
13,708
13,709
282,710
13,711
13,712
87,713
13,714
13,715
267,716
13,717
267,718
13,719
13,720
282,721
289,722
180,723
49,724
13,725
282,726
267,727
13,728
13,729
267,730
282,731
13,732
13,733
13,734
282,735
282,736
13,737
180,738
49,739
13,740
87,741
282,742
267,743
218,744
13,745
49,746
49,747
282,748
267,749
13,750
13,751
13,752
13,753
13,754
13,755
28,756
13,757
13,758
13,759
87,760
180,761
13,762
13,763
13,764
49,765
13,766
13,767
13,768
49,769
13,770
180,771
282,772
13,773
282,774
267,775
282,776
13,777
180,778
282,779
13,780
282,781
13,782
180,783
282,784
282,785
13,786
191,787
87,788
13,789
180,790
13,791
87,792
282,793
13,794
13,795
13,796
13,797
180,798
282,799
13,800
13,801
282,802
13,803
13,804
13,805
87,806
180,807
13,808
180,809
13,810
13,811
13,812
267,813
13,814
13,815
13,816
13,817
180,818
13,819
274,820
13,821
13,822
274,823
282,824
13,825
13,826
274,827
13,828
282,829
13,830
49,831
87,832
282,833
49,834
13,835
13,836
13,837
13,838
49,839
282,840
13,841
282,842
13,843
13,844
13,845
282,846
13,847
13,848
13,849
267,850
49,851
13,852
180,853
13,854
13,855
289,856
49,857
13,858
13,859
13,860
49,861
13,862
282,863
13,864
13,865
282,866
49,867
282,868
87,869
13,870
13,871
282,872
282,873
13,874
180,875
13,876
13,877
87,878
13,879
13,880
87,881
13,882
180,883
13,884
49,885
13,886
13,887
13,888
282,889
87,890
13,891
13,892
13,893
13,894
13,895
13,896
13,897
13,898
13,899
13,900
13,901
289,902
13,903
49,904
13,905
13,906
13,907
45,908
40,909
294,910
211,911
211,912
45,913
45,914
211,915
211,916
211,917
211,918
294,919
45,920
211,921
211,922
45,923
211,924
31,925
211,926
211,927
45,928
45,929
45,930
211,931
211,932
45,933
45,934
45,935
68,936
294,937
45,938
45,939
45,940
40,941
45,942
40,943
211,944
68,945
31,946
45,947
45,948
31,949
45,950
40,951
211,952
45,953
294,954
45,955
294,956
45,957
211,958
294,959
68,960
211,961
45,962
31,963
45,964
211,965
211,966
211,967
211,968
211,969
45,970
211,971
45,972
211,973
45,974
211,975
45,976
211,977
211,978
294,979
211,980
211,981
45,982
40,983
211,984
45,985
211,986
211,987
211,988
211,989
211,990
45,991
211,992
211,993
211,994
211,995
211,996
45,997
45,998
294,999
211,1000
45,1001
45,1002
4,1003
68,1004
228,1005
132,1006
228,1007
241,1008
228,1009
132,1010
132,1011
138,1012
237,1013
228,1014
228,1015
228,1016
132,1017
188,1018
132,1019
198,1020
132,1021
198,1022
132,1023
228,1024
228,1025
228,1026
63,1027
132,1028
132,1029
158,1030
228,1031
198,1032
132,1033
198,1034
23,1035
228,1036
132,1037
228,1038
132,1039
228,1040
228,1041
132,1042
158,1043
132,1044
132,1045
23,1046
158,1047
228,1048
228,1049
132,1050
198,1051
198,1052
237,1053
63,1054
23,1055
188,1056
63,1057
228,1058
132,1059
132,1060
132,1061
198,1062
132,1063
237,1064
237,1065
132,1066
228,1067
228,1068
188,1069
23,1070
63,1071
188,1072
228,1073
132,1074
228,1075
23,1076
228,1077
228,1078
158,1079
63,1080
228,1081
188,1082
228,1083
132,1084
228,1085
198,1086
228,1087
132,1088
228,1089
188,1090
132,1091
228,1092
228,1093
228,1094
228,1095
228,1096
158,1097
228,1098
228,1099
228,1100
132,1101
228,1102
228,1103
132,1104
228,1105
198,1106
228,1107
198,1108
188,1109
228,1110
198,1111
228,1112
188,1113
188,1114
132,1115
198,1116
132,1117
23,1118
188,1119
23,1120
132,1121
228,1122
198,1123
63,1124
228,1125
132,1126
228,1127
198,1128
198,1129
132,1130
198,1131
188,1132
198,1133
132,1134
188,1135
132,1136
198,1137
228,1138
198,1139
228,1140
228,1141
132,1142
237,1143
228,1144
132,1145
228,1146
48,1147
188,1148
138,1149
188,1150
237,1151
228,1152
158,1153
132,1154
198,1155
228,1156
132,1157
188,1158
228,1159
132,1160
228,1161
132,1162
228,1163
228,1164
228,1165
237,1166
228,1167
228,1168
228,1169
188,1170
228,1171
198,1172
158,1173
132,1174
228,1175
188,1176
228,1177
132,1178
237,1179
132,1180
63,1181
138,1182
228,1183
188,1184
228,1185
198,1186
228,1187
132,1188
188,1189
138,1190
188,1191
228,1192
132,1193
237,1194
132,1195
132,1196
228,1197
188,1198
23,1199
237,1200
228,1201
138,1202
132,1203
132,1204
132,1205
198,1206
237,1207
132,1208
132,1209
158,1210
132,1211
228,1212
228,1213
158,1214
48,1215
198,1216
132,1217
132,1218
198,1219
228,1220
228,1221
158,1222
132,1223
228,1224
132,1225
228,1226
132,1227
132,1228
237,1229
228,1230
228,1231
132,1232
23,1233
228,1234
228,1235
228,1236
228,1237
188,1238
132,1239
198,1240
228,1241
132,1242
132,1243
132,1244
228,1245
188,1246
132,1247
228,1248
158,1249
228,1250
228,1251
237,1252
188,1253
138,1254
228,1255
228,1256
158,1257
228,1258
23,1259
228,1260
228,1261
132,1262
198,1263
198,1264
228,1265
228,1266
63,1267
158,1268
188,1269
228,1270
138,1271
188,1272
132,1273
138,1274
228,1275
158,1276
198,1277
228,1278
63,1279
198,1280
228,1281
198,1282
23,1283
228,1284
228,1285
228,1286
228,1287
158,1288
138,1289
63,1290
237,1291
228,1292
228,1293
138,1294
132,1295
198,1296
138,1297
188,1298
188,1299
228,1300
228,1301
228,1302
198,1303
132,1304
63,1305
228,1306
132,1307
138,1308
132,1309
132,1310
132,1311
228,1312
188,1313
228,1314
63,1315
132,1316
237,1317
132,1318
198,1319
228,1320
228,1321
132,1322
132,1323
228,1324
132,1325
228,1326
198,1327
48,1328
63,1329
198,1330
228,1331
158,1332
198,1333
198,1334
138,1335
132,1336
228,1337
188,1338
228,1339
132,1340
132,1341
132,1342
158,1343
132,1344
132,1345
138,1346
228,1347
158,1348
198,1349
198,1350
132,1351
68,1352
132,1353
188,1354
228,1355
198,1356
23,1357
188,1358
228,1359
63,1360
228,1361
228,1362
132,1363
23,1364
228,1365
63,1366
228,1367
132,1368
237,1369
228,1370
202,1371
63,1372
228,1373
228,1374
198,1375
132,1376
198,1377
198,1378
228,1379
228,1380
132,1381
188,1382
228,1383
198,1384
132,1385
228,1386
132,1387
237,1388
237,1389
132,1390
68,1391
132,1392
132,1393
188,1394
198,1395
158,1396
188,1397
237,1398
132,1399
228,1400
132,1401
132,1402
228,1403
228,1404
23,1405
188,1406
228,1407
132,1408
198,1409
228,1410
138,1411
63,1412
188,1413
132,1414
228,1415
132,1416
228,1417
228,1418
132,1419
132,1420
228,1421
132,1422
237,1423
228,1424
138,1425
132,1426
228,1427
188,1428
132,1429
132,1430
132,1431
132,1432
132,1433
132,1434
63,1435
198,1436
228,1437
132,1438
132,1439
63,1440
138,1441
188,1442
158,1443
158,1444
158,1445
138,1446
132,1447
228,1448
158,1449
237,1450
198,1451
63,1452
188,1453
132,1454
132,1455
63,1456
228,1457
132,1458
237,1459
132,1460
228,1461
237,1462
198,1463
228,1464
132,1465
237,1466
132,1467
228,1468
228,1469
228,1470
228,1471
158,1472
63,1473
138,1474
228,1475
132,1476
132,1477
63,1478
228,1479
188,1480
228,1481
63,1482
237,1483
228,1484
188,1485
228,1486
237,1487
228,1488
198,1489
198,1490
132,1491
228,1492
198,1493
188,1494
132,1495
228,1496
138,1497
132,1498
158,1499
132,1500
228,1501
132,1502
132,1503
237,1504
228,1505
158,1506
228,1507
132,1508
237,1509
23,1510
132,1511
188,1512
198,1513
198,1514
132,1515
188,1516
198,1517
228,1518
228,1519
132,1520
198,1521
63,1522
138,1523
198,1524
23,1525
23,1526
188,1527
23,1528
132,1529
237,1530
188,1531
198,1532
228,1533
264,1534
237,1535
198,1536
228,1537
132,1538
228,1539
188,1540
228,1541
228,1542
132,1543
188,1544
198,1545
228,1546
237,1547
228,1548
228,1549
132,1550
198,1551
228,1552
237,1553
132,1554
237,1555
198,1556
132,1557
158,1558
228,1559
132,1560
228,1561
23,1562
132,1563
228,1564
237,1565
237,1566
132,1567
132,1568
237,1569
228,1570
63,1571
188,1572
228,1573
228,1574
228,1575
188,1576
158,1577
228,1578
198,1579
188,1580
228,1581
228,1582
132,1583
228,1584
228,1585
228,1586
23,1587
23,1588
198,1589
237,1590
198,1591
198,1592
63,1593
198,1594
138,1595
132,1596
138,1597
264,1598
187,1599
132,1600
228,1601
132,1602
158,1603
63,1604
132,1605
228,1606
198,1607
132,1608
228,1609
188,1610
228,1611
237,1612
198,1613
228,1614
198,1615
188,1616
228,1617
188,1618
132,1619
158,1620
237,1621
228,1622
132,1623
237,1624
198,1625
198,1626
132,1627
132,1628
188,1629
228,1630
198,1631
188,1632
228,1633
132,1634
228,1635
158,1636
132,1637
188,1638
132,1639
132,1640
132,1641
198,1642
228,1643
233,1644
140,1645
288,1646
9,1647
233,1648
288,1649
141,1650
90,1651
288,1652
90,1653
10,1654
288,1655
108,1656
288,1657
276,1658
128,1659
288,1660
140,1661
288,1662
90,1663
288,1664
9,1665
288,1666
141,1667
288,1668
288,1669
288,1670
127,1671
288,1672
141,1673
288,1674
128,1675
39,1676
128,1677
10,1678
128,1679
288,1680
141,1681
288,1682
127,1683
140,1684
128,1685
288,1686
128,1687
288,1688
288,1689
90,1690
288,1691
90,1692
288,1693
128,1694
141,1695
141,1696
128,1697
288,1698
288,1699
127,1700
39,1701
127,1702
90,1703
288,1704
288,1705
288,1706
39,1707
39,1708
9,1709
128,1710
288,1711
9,1712
221,1713
9,1714
288,1715
288,1716
288,1717
288,1718
288,1719
288,1720
288,1721
288,1722
128,1723
288,1724
39,1725
52,1726
288,1727
39,1728
288,1729
127,1730
39,1731
128,1732
140,1733
288,1734
39,1735
288,1736
108,1737
9,1738
128,1739
128,1740
233,1741
288,1742
128,1743
288,1744
288,1745
141,1746
288,1747
128,1748
128,1749
288,1750
288,1751
141,1752
128,1753
128,1754
288,1755
108,1756
288,1757
288,1758
141,1759
288,1760
288,1761
288,1762
288,1763
90,1764
141,1765
288,1766
90,1767
128,1768
288,1769
90,1770
127,1771
108,1772
288,1773
288,1774
141,1775
288,1776
52,1777
127,1778
9,1779
288,1780
185,1781
288,1782
127,1783
288,1784
128,1785
128,1786
288,1787
288,1788
90,1789
90,1790
52,1791
128,1792
288,1793
288,1794
90,1795
90,1796
288,1797
9,1798
288,1799
288,1800
288,1801
9,1802
288,1803
128,1804
288,1805
288,1806
9,1807
141,1808
288,1809
141,1810
128,1811
288,1812
221,1813
288,1814
288,1815
90,1816
90,1817
288,1818
90,1819
52,1820
288,1821
288,1822
39,1823
288,1824
214,1825
140,1826
128,1827
141,1828
39,1829
288,1830
140,1831
140,1832
128,1833
39,1834
288,1835
90,1836
127,1837
141,1838
288,1839
52,1840
39,1841
288,1842
288,1843
109,1844
9,1845
128,1846
288,1847
210,1848
39,1849
288,1850
128,1851
288,1852
9,1853
90,1854
279,1855
288,1856
90,1857
90,1858
52,1859
128,1860
288,1861
39,1862
140,1863
288,1864
128,1865
39,1866
185,1867
288,1868
128,1869
108,1870
288,1871
288,1872
288,1873
39,1874
128,1875
90,1876
127,1877
141,1878
288,1879
128,1880
288,1881
39,1882
127,1883
288,1884
128,1885
90,1886
90,1887
39,1888
140,1889
288,1890
288,1891
9,1892
288,1893
288,1894
288,1895
140,1896
141,1897
128,1898
128,1899
288,1900
288,1901
288,1902
288,1903
90,1904
140,1905
288,1906
127,1907
288,1908
288,1909
39,1910
288,1911
288,1912
288,1913
288,1914
288,1915
288,1916
9,1917
39,1918
288,1919
128,1920
39,1921
288,1922
288,1923
141,1924
140,1925
288,1926
288,1927
9,1928
288,1929
39,1930
127,1931
288,1932
215,1933
90,1934
128,1935
128,1936
288,1937
52,1938
141,1939
288,1940
288,1941
39,1942
128,1943
39,1944
60,1945
39,1946
288,1947
288,1948
140,1949
288,1950
140,1951
288,1952
288,1953
288,1954
288,1955
90,1956
288,1957
39,1958
288,1959
288,1960
288,1961
288,1962
9,1963
39,1964
288,1965
288,1966
288,1967
140,1968
90,1969
288,1970
288,1971
127,1972
128,1973
141,1974
140,1975
127,1976
288,1977
288,1978
10,1979
39,1980
39,1981
9,1982
288,1983
39,1984
288,1985
276,1986
288,1987
288,1988
90,1989
128,1990
288,1991
288,1992
90,1993
39,1994
39,1995
288,1996
9,1997
128,1998
128,1999
90,2000
288,2001
128,2002
288,2003
288,2004
127,2005
276,2006
288,2007
127,2008
288,2009
90,2010
140,2011
288,2012
39,2013
127,2014
128,2015
288,2016
288,2017
141,2018
288,2019
141,2020
288,2021
127,2022
288,2023
140,2024
128,2025
288,2026
128,2027
288,2028
288,2029
108,2030
288,2031
39,2032
288,2033
90,2034
128,2035
141,2036
90,2037
39,2038
108,2039
90,2040
141,2041
288,2042
288,2043
141,2044
9,2045
140,2046
128,2047
288,2048
127,2049
141,2050
140,2051
90,2052
9,2053
128,2054
288,2055
288,2056
141,2057
52,2058
39,2059
288,2060
288,2061
140,2062
215,2063
9,2064
128,2065
9,2066
288,2067
288,2068
288,2069
128,2070
127,2071
288,2072
288,2073
39,2074
128,2075
90,2076
127,2077
288,2078
90,2079
252,2080
39,2081
288,2082
288,2083
128,2084
90,2085
140,2086
141,2087
39,2088
128,2089
288,2090
128,2091
288,2092
39,2093
288,2094
288,2095
288,2096
140,2097
288,2098
9,2099
9,2100
288,2101
9,2102
288,2103
288,2104
276,2105
39,2106
52,2107
288,2108
9,2109
288,2110
39,2111
288,2112
141,2113
90,2114
176,2115
288,2116
141,2117
128,2118
9,2119
90,2120
288,2121
127,2122
127,2123
9,2124
288,2125
288,2126
288,2127
141,2128
90,2129
128,2130
141,2131
90,2132
39,2133
39,2134
288,2135
288,2136
288,2137
90,2138
288,2139
288,2140
288,2141
288,2142
39,2143
128,2144
288,2145
128,2146
288,2147
176,2148
39,2149
9,2150
288,2151
141,2152
141,2153
140,2154
128,2155
288,2156
127,2157
9,2158
288,2159
140,2160
185,2161
90,2162
288,2163
288,2164
9,2165
9,2166
2,2167
128,2168
52,2169
288,2170
69,2171
288,2172
288,2173
288,2174
128,2175
9,2176
288,2177
90,2178
288,2179
90,2180
39,2181
288,2182
288,2183
128,2184
127,2185
127,2186
39,2187
140,2188
39,2189
288,2190
127,2191
288,2192
288,2193
141,2194
288,2195
9,2196
288,2197
39,2198
140,2199
90,2200
288,2201
128,2202
288,2203
128,2204
210,2205
288,2206
128,2207
10,2208
288,2209
127,2210
288,2211
39,2212
52,2213
288,2214
288,2215
90,2216
35,2217
91,2218
241,2219
207,2220
241,2221
241,2222
91,2223
35,2224
171,2225
241,2226
241,2227
171,2228
280,2229
280,2230
91,2231
171,2232
241,2233
205,2234
207,2235
91,2236
91,2237
91,2238
280,2239
35,2240
241,2241
207,2242
205,2243
84,2244
91,2245
207,2246
91,2247
205,2248
84,2249
207,2250
207,2251
171,2252
205,2253
241,2254
4,2255
207,2256
205,2257
91,2258
93,2259
171,2260
241,2261
4,2262
171,2263
91,2264
241,2265
205,2266
205,2267
205,2268
205,2269
91,2270
91,2271
205,2272
205,2273
171,2274
91,2275
207,2276
241,2277
205,2278
205,2279
4,2280
205,2281
84,2282
205,2283
171,2284
171,2285
171,2286
205,2287
147,2288
205,2289
147,2290
241,2291
84,2292
205,2293
35,2294
91,2295
207,2296
91,2297
241,2298
171,2299
171,2300
207,2301
280,2302
91,2303
91,2304
171,2305
171,2306
205,2307
205,2308
205,2309
205,2310
212,2311
255,2312
212,2313
212,2314
76,2315
76,2316
212,2317
212,2318
8,2319
76,2320
212,2321
212,2322
212,2323
142,2324
212,2325
212,2326
76,2327
212,2328
212,2329
8,2330
76,2331
150,2332
76,2333
27,2334
76,2335
76,2336
76,2337
212,2338
255,2339
76,2340
212,2341
212,2342
255,2343
255,2344
255,2345
255,2346
212,2347
212,2348
76,2349
212,2350
142,2351
212,2352
76,2353
212,2354
255,2355
255,2356
212,2357
76,2358
76,2359
212,2360
76,2361
212,2362
212,2363
255,2364
212,2365
76,2366
212,2367
226,2368
76,2369
212,2370
76,2371
76,2372
76,2373
8,2374
142,2375
212,2376
76,2377
212,2378
76,2379
212,2380
8,2381
76,2382
76,2383
76,2384
226,2385
143,2386
255,2387
212,2388
212,2389
255,2390
76,2391
76,2392
76,2393
76,2394
76,2395
76,2396
76,2397
212,2398
212,2399
212,2400
76,2401
212,2402
76,2403
212,2404
212,2405
76,2406
255,2407
264,2408
212,2409
76,2410
212,2411
76,2412
27,2413
212,2414
8,2415
212,2416
69,2417
255,2418
255,2419
212,2420
212,2421
212,2422
160,2423
142,2424
8,2425
255,2426
212,2427
255,2428
212,2429
160,2430
212,2431
255,2432
76,2433
76,2434
212,2435
142,2436
212,2437
212,2438
255,2439
76,2440
255,2441
255,2442
150,2443
8,2444
76,2445
212,2446
76,2447
8,2448
212,2449
76,2450
142,2451
255,2452
255,2453
226,2454
76,2455
76,2456
255,2457
194,2458
76,2459
76,2460
76,2461
212,2462
8,2463
212,2464
76,2465
212,2466
76,2467
212,2468
212,2469
76,2470
212,2471
142,2472
76,2473
76,2474
76,2475
76,2476
76,2477
212,2478
76,2479
255,2480
76,2481
76,2482
76,2483
76,2484
212,2485
76,2486
212,2487
226,2488
255,2489
142,2490
255,2491
142,2492
212,2493
212,2494
142,2495
212,2496
212,2497
58,2498
76,2499
76,2500
255,2501
76,2502
255,2503
76,2504
76,2505
212,2506
76,2507
142,2508
255,2509
76,2510
212,2511
76,2512
76,2513
212,2514
212,2515
212,2516
150,2517
212,2518
212,2519
76,2520
212,2521
76,2522
212,2523
69,2524
255,2525
212,2526
76,2527
76,2528
76,2529
212,2530
76,2531
157,2532
76,2533
226,2534
212,2535
76,2536
76,2537
76,2538
255,2539
255,2540
8,2541
76,2542
76,2543
212,2544
76,2545
76,2546
212,2547
212,2548
255,2549
226,2550
76,2551
212,2552
76,2553
212,2554
76,2555
212,2556
76,2557
69,2558
264,2559
76,2560
255,2561
226,2562
76,2563
212,2564
212,2565
212,2566
142,2567
212,2568
255,2569
76,2570
76,2571
226,2572
212,2573
194,2574
142,2575
76,2576
255,2577
160,2578
142,2579
255,2580
76,2581
76,2582
212,2583
212,2584
255,2585
212,2586
255,2587
212,2588
212,2589
212,2590
76,2591
8,2592
212,2593
255,2594
212,2595
212,2596
212,2597
95,2598
142,2599
76,2600
76,2601
212,2602
212,2603
76,2604
212,2605
76,2606
212,2607
212,2608
76,2609
255,2610
142,2611
150,2612
212,2613
76,2614
76,2615
76,2616
212,2617
76,2618
76,2619
76,2620
8,2621
69,2622
194,2623
142,2624
226,2625
76,2626
194,2627
255,2628
76,2629
255,2630
76,2631
212,2632
76,2633
76,2634
255,2635
160,2636
76,2637
212,2638
212,2639
212,2640
212,2641
76,2642
212,2643
27,2644
212,2645
76,2646
76,2647
76,2648
142,2649
76,2650
76,2651
76,2652
142,2653
212,2654
76,2655
212,2656
76,2657
255,2658
160,2659
212,2660
76,2661
226,2662
212,2663
212,2664
76,2665
76,2666
226,2667
255,2668
142,2669
76,2670
212,2671
212,2672
76,2673
142,2674
142,2675
212,2676
76,2677
212,2678
69,2679
255,2680
226,2681
212,2682
76,2683
212,2684
160,2685
76,2686
8,2687
212,2688
212,2689
8,2690
76,2691
212,2692
142,2693
212,2694
142,2695
212,2696
142,2697
212,2698
212,2699
76,2700
142,2701
142,2702
212,2703
255,2704
212,2705
76,2706
142,2707
212,2708
76,2709
212,2710
160,2711
76,2712
212,2713
212,2714
142,2715
212,2716
212,2717
212,2718
212,2719
76,2720
212,2721
255,2722
212,2723
212,2724
226,2725
212,2726
76,2727
212,2728
212,2729
76,2730
255,2731
212,2732
255,2733
69,2734
194,2735
76,2736
212,2737
212,2738
212,2739
76,2740
212,2741
76,2742
160,2743
76,2744
142,2745
76,2746
76,2747
76,2748
76,2749
212,2750
142,2751
212,2752
76,2753
255,2754
212,2755
212,2756
212,2757
84,2758
212,2759
76,2760
194,2761
212,2762
255,2763
76,2764
212,2765
212,2766
255,2767
255,2768
194,2769
226,2770
76,2771
212,2772
160,2773
212,2774
194,2775
76,2776
76,2777
212,2778
76,2779
255,2780
142,2781
212,2782
76,2783
69,2784
76,2785
76,2786
8,2787
212,2788
76,2789
255,2790
212,2791
76,2792
76,2793
212,2794
69,2795
255,2796
212,2797
212,2798
212,2799
255,2800
76,2801
255,2802
76,2803
142,2804
194,2805
76,2806
76,2807
76,2808
150,2809
76,2810
142,2811
255,2812
142,2813
212,2814
212,2815
150,2816
226,2817
69,2818
76,2819
212,2820
157,2821
76,2822
212,2823
142,2824
194,2825
76,2826
8,2827
212,2828
212,2829
76,2830
212,2831
212,2832
76,2833
255,2834
212,2835
255,2836
76,2837
212,2838
212,2839
264,2840
76,2841
142,2842
264,2843
212,2844
212,2845
76,2846
76,2847
212,2848
212,2849
255,2850
226,2851
212,2852
255,2853
212,2854
76,2855
142,2856
8,2857
212,2858
212,2859
212,2860
212,2861
76,2862
76,2863
8,2864
212,2865
8,2866
212,2867
212,2868
226,2869
212,2870
121,2871
170,2872
121,2873
121,2874
297,2875
121,2876
170,2877
170,2878
170,2879
297,2880
170,2881
170,2882
244,2883
253,2884
121,2885
297,2886
168,2887
236,2888
170,2889
121,2890
121,2891
297,2892
121,2893
121,2894
170,2895
297,2896
121,2897
170,2898
170,2899
121,2900
121,2901
236,2902
244,2903
121,2904
170,2905
121,2906
121,2907
236,2908
121,2909
121,2910
244,2911
121,2912
253,2913
297,2914
121,2915
121,2916
121,2917
297,2918
297,2919
170,2920
170,2921
25,2922
253,2923
168,2924
121,2925
121,2926
170,2927
170,2928
297,2929
121,2930
170,2931
121,2932
121,2933
94,2934
183,2935
121,2936
297,2937
170,2938
121,2939
168,2940
244,2941
121,2942
297,2943
121,2944
297,2945
121,2946
121,2947
121,2948
297,2949
121,2950
236,2951
170,2952
297,2953
121,2954
168,2955
121,2956
168,2957
121,2958
244,2959
244,2960
25,2961
253,2962
170,2963
170,2964
236,2965
121,2966
121,2967
121,2968
121,2969
121,2970
170,2971
297,2972
94,2973
297,2974
121,2975
121,2976
170,2977
121,2978
297,2979
121,2980
168,2981
121,2982
168,2983
121,2984
297,2985
121,2986
94,2987
297,2988
297,2989
170,2990
297,2991
170,2992
244,2993
170,2994
121,2995
25,2996
121,2997
121,2998
297,2999
170,3000
170,3001
121,3002
121,3003
253,3004
170,3005
170,3006
121,3007
121,3008
94,3009
94,3010
121,3011
297,3012
297,3013
170,3014
170,3015
170,3016
297,3017
121,3018
121,3019
121,3020
170,3021
121,3022
170,3023
121,3024
170,3025
244,3026
25,3027
170,3028
121,3029
297,3030
168,3031
121,3032
170,3033
25,3034
297,3035
121,3036
297,3037
244,3038
244,3039
170,3040
290,3041
170,3042
121,3043
121,3044
121,3045
297,3046
236,3047
121,3048
297,3049
121,3050
121,3051
121,3052
94,3053
297,3054
121,3055
121,3056
121,3057
297,3058
121,3059
121,3060
297,3061
297,3062
121,3063
121,3064
170,3065
170,3066
236,3067
121,3068
170,3069
253,3070
244,3071
121,3072
170,3073
170,3074
121,3075
121,3076
170,3077
297,3078
297,3079
121,3080
170,3081
244,3082
170,3083
121,3084
297,3085
121,3086
250,3087
121,3088
170,3089
244,3090
170,3091
297,3092
170,3093
121,3094
170,3095
297,3096
170,3097
121,3098
121,3099
297,3100
121,3101
121,3102
244,3103
170,3104
297,3105
121,3106
121,3107
121,3108
297,3109
121,3110
94,3111
121,3112
170,3113
121,3114
236,3115
297,3116
121,3117
121,3118
121,3119
253,3120
297,3121
297,3122
121,3123
170,3124
170,3125
121,3126
45,3127
121,3128
121,3129
121,3130
170,3131
236,3132
244,3133
236,3134
297,3135
121,3136
170,3137
297,3138
170,3139
94,3140
297,3141
94,3142
170,3143
236,3144
121,3145
170,3146
25,3147
253,3148
244,3149
20,3150
204,3151
39,3152
153,3153
6,3154
68,3155
112,3156
39,3157
39,3158
153,3159
267,3160
39,3161
68,3162
6,3163
68,3164
187,3165
39,3166
204,3167
68,3168
267,3169
282,3170
282,3171
6,3172
39,3173
6,3174
267,3175
68,3176
68,3177
282,3178
282,3179
68,3180
187,3181
204,3182
68,3183
39,3184
62,3185
68,3186
39,3187
62,3188
39,3189
204,3190
39,3191
68,3192
6,3193
282,3194
6,3195
204,3196
6,3197
6,3198
68,3199
153,3200
68,3201
153,3202
282,3203
6,3204
62,3205
6,3206
39,3207
282,3208
20,3209
68,3210
39,3211
6,3212
6,3213
39,3214
68,3215
282,3216
153,3217
153,3218
6,3219
39,3220
39,3221
20,3222
267,3223
282,3224
68,3225
282,3226
282,3227
6,3228
282,3229
39,3230
68,3231
68,3232
39,3233
6,3234
282,3235
153,3236
6,3237
39,3238
68,3239
20,3240
282,3241
39,3242
257,3243
68,3244
6,3245
68,3246
6,3247
68,3248
153,3249
39,3250
6,3251
6,3252
153,3253
39,3254
62,3255
6,3256
6,3257
68,3258
39,3259
68,3260
39,3261
39,3262
6,3263
204,3264
39,3265
267,3266
282,3267
6,3268
62,3269
20,3270
6,3271
6,3272
153,3273
39,3274
68,3275
165,3276
282,3277
267,3278
282,3279
6,3280
6,3281
165,3282
68,3283
282,3284
187,3285
204,3286
6,3287
20,3288
39,3289
62,3290
153,3291
6,3292
204,3293
6,3294
204,3295
282,3296
204,3297
68,3298
39,3299
267,3300
39,3301
68,3302
282,3303
272,3304
6,3305
282,3306
282,3307
6,3308
39,3309
68,3310
204,3311
282,3312
39,3313
39,3314
282,3315
6,3316
6,3317
62,3318
282,3319
267,3320
6,3321
153,3322
62,3323
6,3324
267,3325
267,3326
39,3327
68,3328
39,3329
78,3330
6,3331
282,3332
68,3333
282,3334
6,3335
282,3336
68,3337
267,3338
68,3339
78,3340
6,3341
6,3342
153,3343
39,3344
6,3345
6,3346
78,3347
165,3348
282,3349
282,3350
153,3351
153,3352
267,3353
282,3354
282,3355
282,3356
267,3357
282,3358
204,3359
153,3360
6,3361
68,3362
282,3363
204,3364
68,3365
68,3366
39,3367
282,3368
62,3369
20,3370
282,3371
68,3372
267,3373
282,3374
62,3375
68,3376
153,3377
68,3378
204,3379
68,3380
6,3381
39,3382
39,3383
6,3384
153,3385
282,3386
267,3387
282,3388
282,3389
6,3390
153,3391
6,3392
68,3393
68,3394
39,3395
282,3396
39,3397
165,3398
282,3399
282,3400
187,3401
153,3402
39,3403
282,3404
187,3405
6,3406
68,3407
68,3408
153,3409
6,3410
282,3411
6,3412
165,3413
153,3414
6,3415
204,3416
62,3417
153,3418
68,3419
39,3420
282,3421
68,3422
39,3423
39,3424
62,3425
267,3426
68,3427
6,3428
153,3429
6,3430
204,3431
282,3432
39,3433
153,3434
6,3435
6,3436
282,3437
6,3438
68,3439
68,3440
6,3441
58,3442
267,3443
204,3444
267,3445
39,3446
282,3447
68,3448
6,3449
204,3450
39,3451
39,3452
282,3453
282,3454
68,3455
6,3456
204,3457
78,3458
68,3459
6,3460
6,3461
68,3462
39,3463
6,3464
39,3465
153,3466
267,3467
153,3468
39,3469
153,3470
68,3471
6,3472
78,3473
204,3474
282,3475
153,3476
6,3477
282,3478
68,3479
265,3480
53,3481
53,3482
50,3483
53,3484
53,3485
68,3486
50,3487
158,3488
53,3489
161,3490
53,3491
265,3492
50,3493
53,3494
186,3495
53,3496
191,3497
53,3498
158,3499
50,3500
53,3501
161,3502
50,3503
3,3504
53,3505
53,3506
106,3507
265,3508
53,3509
191,3510
114,3511
53,3512
3,3513
53,3514
50,3515
265,3516
53,3517
53,3518
53,3519
158,3520
53,3521
53,3522
53,3523
53,3524
53,3525
39,3526
158,3527
268,3528
106,3529
158,3530
50,3531
53,3532
53,3533
53,3534
158,3535
53,3536
53,3537
53,3538
50,3539
265,3540
53,3541
53,3542
53,3543
3,3544
53,3545
50,3546
53,3547
53,3548
53,3549
53,3550
3,3551
53,3552
158,3553
53,3554
53,3555
158,3556
53,3557
53,3558
158,3559
53,3560
53,3561
265,3562
158,3563
191,3564
140,3565
53,3566
53,3567
265,3568
158,3569
53,3570
53,3571
53,3572
53,3573
53,3574
68,3575
53,3576
3,3577
265,3578
50,3579
53,3580
158,3581
53,3582
50,3583
191,3584
53,3585
53,3586
158,3587
100,3588
158,3589
3,3590
53,3591
53,3592
53,3593
158,3594
53,3595
50,3596
53,3597
53,3598
53,3599
53,3600
50,3601
3,3602
53,3603
3,3604
53,3605
53,3606
53,3607
53,3608
3,3609
39,3610
53,3611
53,3612
50,3613
53,3614
53,3615
268,3616
53,3617
53,3618
53,3619
93,3620
50,3621
158,3622
161,3623
53,3624
265,3625
158,3626
53,3627
53,3628
106,3629
53,3630
53,3631
158,3632
53,3633
53,3634
265,3635
50,3636
265,3637
53,3638
53,3639
50,3640
268,3641
265,3642
158,3643
265,3644
158,3645
158,3646
53,3647
208,3648
158,3649
53,3650
191,3651
53,3652
106,3653
53,3654
50,3655
53,3656
53,3657
158,3658
53,3659
50,3660
3,3661
53,3662
170,3663
53,3664
158,3665
158,3666
50,3667
50,3668
53,3669
53,3670
158,3671
3,3672
53,3673
3,3674
50,3675
161,3676
53,3677
50,3678
3,3679
53,3680
53,3681
53,3682
53,3683
106,3684
53,3685
158,3686
53,3687
68,3688
158,3689
3,3690
3,3691
53,3692
50,3693
265,3694
53,3695
53,3696
268,3697
158,3698
70,3699
53,3700
53,3701
50,3702
3,3703
158,3704
3,3705
53,3706
53,3707
43,3708
171,3709
53,3710
158,3711
53,3712
53,3713
158,3714
3,3715
53,3716
53,3717
50,3718
50,3719
53,3720
53,3721
158,3722
3,3723
158,3724
158,3725
53,3726
53,3727
53,3728
53,3729
53,3730
158,3731
171,3732
53,3733
265,3734
268,3735
158,3736
50,3737
53,3738
53,3739
53,3740
68,3741
161,3742
53,3743
53,3744
53,3745
161,3746
53,3747
140,3748
265,3749
53,3750
43,3751
3,3752
3,3753
68,3754
158,3755
50,3756
53,3757
53,3758
50,3759
43,3760
114,3761
50,3762
53,3763
158,3764
265,3765
68,3766
53,3767
53,3768
158,3769
268,3770
53,3771
265,3772
53,3773
53,3774
53,3775
53,3776
171,3777
3,3778
68,3779
53,3780
158,3781
158,3782
53,3783
171,3784
53,3785
158,3786
53,3787
53,3788
53,3789
43,3790
53,3791
53,3792
53,3793
140,3794
39,3795
268,3796
171,3797
146,3798
152,3799
146,3800
269,3801
188,3802
269,3803
188,3804
269,3805
92,3806
188,3807
152,3808
163,3809
188,3810
188,3811
236,3812
28,3813
152,3814
146,3815
188,3816
92,3817
152,3818
152,3819
152,3820
92,3821
188,3822
1,3823
236,3824
92,3825
152,3826
236,3827
236,3828
28,3829
152,3830
152,3831
236,3832
236,3833
152,3834
188,3835
92,3836
236,3837
92,3838
188,3839
152,3840
236,3841
127,3842
236,3843
92,3844
152,3845
152,3846
152,3847
127,3848
152,3849
92,3850
146,3851
92,3852
236,3853
188,3854
146,3855
92,3856
188,3857
152,3858
188,3859
92,3860
146,3861
92,3862
152,3863
188,3864
146,3865
214,3866
92,3867
188,3868
92,3869
236,3870
152,3871
92,3872
188,3873
269,3874
236,3875
152,3876
236,3877
188,3878
92,3879
152,3880
188,3881
236,3882
28,3883
188,3884
92,3885
188,3886
92,3887
92,3888
92,3889
236,3890
188,3891
152,3892
92,3893
269,3894
236,3895
28,3896
152,3897
152,3898
188,3899
92,3900
92,3901
28,3902
188,3903
92,3904
188,3905
188,3906
152,3907
92,3908
99,3909
188,3910
152,3911
236,3912
92,3913
152,3914
92,3915
92,3916
188,3917
92,3918
146,3919
92,3920
178,3921
236,3922
236,3923
113,3924
123,3925
123,3926
50,3927
175,3928
175,3929
175,3930
134,3931
175,3932
123,3933
113,3934
123,3935
175,3936
175,3937
161,3938
123,3939
175,3940
239,3941
113,3942
175,3943
175,3944
175,3945
239,3946
50,3947
223,3948
175,3949
223,3950
50,3951
123,3952
175,3953
50,3954
123,3955
175,3956
113,3957
50,3958
175,3959
50,3960
223,3961
175,3962
239,3963
223,3964
223,3965
34,3966
50,3967
123,3968
175,3969
62,3970
34,3971
123,3972
161,3973
223,3974
123,3975
62,3976
175,3977
50,3978
175,3979
175,3980
123,3981
50,3982
50,3983
175,3984
175,3985
123,3986
50,3987
175,3988
223,3989
34,3990
175,3991
175,3992
50,3993
175,3994
175,3995
175,3996
123,3997
50,3998
223,3999
123,4000
175,4001
123,4002
223,4003
50,4004
175,4005
175,4006
175,4007
175,4008
123,4009
223,4010
175,4011
175,4012
223,4013
50,4014
175,4015
175,4016
175,4017
175,4018
161,4019
161,4020
223,4021
123,4022
175,4023
175,4024
62,4025
123,4026
175,4027
175,4028
123,4029
50,4030
50,4031
175,4032
223,4033
123,4034
289,4035
123,4036
161,4037
50,4038
175,4039
175,4040
113,4041
175,4042
113,4043
123,4044
50,4045
113,4046
175,4047
175,4048
175,4049
175,4050
123,4051
175,4052
113,4053
175,4054
239,4055
123,4056
62,4057
50,4058
113,4059
175,4060
134,4061
123,4062
223,4063
175,4064
175,4065
175,4066
175,4067
175,4068
175,4069
123,4070
62,4071
123,4072
50,4073
175,4074
175,4075
50,4076
107,4077
123,4078
50,4079
113,4080
123,4081
175,4082
123,4083
113,4084
175,4085
175,4086
175,4087
62,4088
239,4089
175,4090
44,4091
113,4092
113,4093
62,4094
175,4095
175,4096
50,4097
175,4098
175,4099
223,4100
123,4101
175,4102
123,4103
113,4104
175,4105
175,4106
175,4107
123,4108
50,4109
175,4110
62,4111
123,4112
175,4113
175,4114
123,4115
175,4116
175,4117
223,4118
175,4119
134,4120
50,4121
175,4122
50,4123
50,4124
161,4125
175,4126
50,4127
175,4128
175,4129
223,4130
50,4131
50,4132
34,4133
50,4134
113,4135
175,4136
62,4137
62,4138
113,4139
123,4140
175,4141
175,4142
175,4143
223,4144
175,4145
223,4146
123,4147
50,4148
50,4149
123,4150
134,4151
123,4152
161,4153
175,4154
50,4155
175,4156
223,4157
223,4158
123,4159
50,4160
175,4161
175,4162
123,4163
175,4164
223,4165
50,4166
34,4167
123,4168
50,4169
50,4170
175,4171
175,4172
175,4173
34,4174
175,4175
62,4176
175,4177
50,4178
123,4179
50,4180
50,4181
175,4182
134,4183
223,4184
134,4185
50,4186
123,4187
161,4188
175,4189
175,4190
175,4191
123,4192
123,4193
175,4194
223,4195
175,4196
113,4197
239,4198
123,4199
175,4200
113,4201
44,4202
161,4203
113,4204
200,4205
113,4206
223,4207
175,4208
62,4209
123,4210
161,4211
107,4212
50,4213
50,4214
123,4215
50,4216
123,4217
123,4218
123,4219
113,4220
123,4221
175,4222
175,4223
123,4224
175,4225
175,4226
50,4227
34,4228
175,4229
175,4230
175,4231
175,4232
107,4233
123,4234
175,4235
134,4236
50,4237
175,4238
62,4239
123,4240
175,4241
34,4242
175,4243
123,4244
50,4245
175,4246
135,4247
123,4248
175,4249
62,4250
113,4251
123,4252
123,4253
113,4254
50,4255
239,4256
123,4257
175,4258
123,4259
175,4260
123,4261
134,4262
50,4263
113,4264
123,4265
175,4266
62,4267
175,4268
175,4269
123,4270
134,4271
175,4272
134,4273
175,4274
175,4275
50,4276
123,4277
123,4278
34,4279
123,4280
175,4281
175,4282
123,4283
175,4284
134,4285
175,4286
62,4287
175,4288
123,4289
62,4290
50,4291
175,4292
175,4293
62,4294
175,4295
223,4296
134,4297
113,4298
123,4299
175,4300
123,4301
175,4302
175,4303
50,4304
239,4305
223,4306
175,4307
175,4308
113,4309
175,4310
123,4311
123,4312
50,4313
175,4314
113,4315
223,4316
123,4317
134,4318
175,4319
34,4320
175,4321
123,4322
123,4323
123,4324
62,4325
175,4326
123,4327
50,4328
175,4329
134,4330
50,4331
62,4332
50,4333
134,4334
62,4335
175,4336
223,4337
223,4338
175,4339
50,4340
50,4341
175,4342
175,4343
44,4344
175,4345
175,4346
223,4347
123,4348
175,4349
175,4350
175,4351
123,4352
75,4353
175,4354
175,4355
113,4356
123,4357
123,4358
175,4359
175,4360
175,4361
175,4362
200,4363
123,4364
223,4365
175,4366
50,4367
50,4368
175,4369
50,4370
134,4371
50,4372
123,4373
113,4374
123,4375
123,4376
123,4377
158,4378
113,4379
34,4380
123,4381
50,4382
50,4383
123,4384
34,4385
134,4386
123,4387
175,4388
175,4389
50,4390
175,4391
113,4392
175,4393
175,4394
123,4395
175,4396
175,4397
60,4398
212,4399
82,4400
57,4401
57,4402
26,4403
132,4404
60,4405
132,4406
60,4407
57,4408
127,4409
57,4410
57,4411
212,4412
132,4413
57,4414
60,4415
160,4416
118,4417
212,4418
132,4419
212,4420
212,4421
43,4422
212,4423
118,4424
212,4425
60,4426
57,4427
212,4428
57,4429
43,4430
57,4431
57,4432
212,4433
60,4434
60,4435
212,4436
43,4437
118,4438
212,4439
57,4440
43,4441
132,4442
57,4443
57,4444
43,4445
57,4446
43,4447
43,4448
57,4449
132,4450
60,4451
57,4452
43,4453
212,4454
277,4455
60,4456
60,4457
118,4458
43,4459
212,4460
43,4461
43,4462
132,4463
43,4464
57,4465
212,4466
132,4467
57,4468
132,4469
60,4470
43,4471
60,4472
43,4473
212,4474
127,4475
212,4476
60,4477
179,4478
57,4479
57,4480
43,4481
43,4482
118,4483
60,4484
132,4485
132,4486
60,4487
43,4488
212,4489
212,4490
43,4491
60,4492
57,4493
43,4494
43,4495
212,4496
60,4497
26,4498
43,4499
60,4500
212,4501
43,4502
60,4503
294,4504
132,4505
212,4506
57,4507
132,4508
57,4509
82,4510
42,4511
214,4512
220,4513
220,4514
220,4515
42,4516
219,4517
42,4518
42,4519
280,4520
42,4521
220,4522
220,4523
280,4524
280,4525
220,4526
220,4527
280,4528
280,4529
220,4530
220,4531
280,4532
220,4533
220,4534
220,4535
42,4536
42,4537
219,4538
131,4539
42,4540
42,4541
220,4542
280,4543
131,4544
280,4545
220,4546
220,4547
219,4548
131,4549
131,4550
280,4551
280,4552
280,4553
280,4554
131,4555
220,4556
220,4557
220,4558
220,4559
42,4560
42,4561
220,4562
220,4563
219,4564
67,4565
220,4566
220,4567
220,4568
220,4569
220,4570
131,4571
219,4572
220,4573
220,4574
219,4575
220,4576
219,4577
220,4578
219,4579
280,4580
280,4581
280,4582
280,4583
220,4584
42,4585
220,4586
131,4587
280,4588
131,4589
214,4590
219,4591
42,4592
42,4593
220,4594
42,4595
131,4596
220,4597
220,4598
131,4599
131,4600
280,4601
220,4602
220,4603
42,4604
280,4605
280,4606
214,4607
131,4608
280,4609
219,4610
21,4611
220,4612
220,4613
220,4614
220,4615
220,4616
220,4617
280,4618
280,4619
220,4620
219,4621
42,4622
220,4623
220,4624
131,4625
220,4626
220,4627
280,4628
220,4629
220,4630
220,4631
42,4632
131,4633
42,4634
220,4635
220,4636
220,4637
280,4638
280,4639
131,4640
218,4641
42,4642
220,4643
131,4644
280,4645
280,4646
131,4647
42,4648
280,4649
220,4650
219,4651
42,4652
280,4653
280,4654
280,4655
219,4656
220,4657
131,4658
220,4659
42,4660
214,4661
214,4662
220,4663
219,4664
220,4665
42,4666
280,4667
220,4668
280,4669
219,4670
220,4671
220,4672
42,4673
131,4674
131,4675
220,4676
220,4677
280,4678
42,4679
220,4680
219,4681
131,4682
280,4683
220,4684
220,4685
220,4686
42,4687
220,4688
214,4689
220,4690
42,4691
280,4692
220,4693
172,4694
280,4695
220,4696
280,4697
220,4698
280,4699
280,4700
219,4701
214,4702
220,4703
280,4704
220,4705
220,4706
42,4707
220,4708
131,4709
220,4710
214,4711
280,4712
280,4713
131,4714
220,4715
220,4716
220,4717
42,4718
220,4719
220,4720
42,4721
131,4722
42,4723
220,4724
131,4725
219,4726
220,4727
219,4728
220,4729
220,4730
220,4731
220,4732
214,4733
220,4734
42,4735
220,4736
42,4737
280,4738
220,4739
220,4740
219,4741
220,4742
280,4743
219,4744
219,4745
220,4746
219,4747
220,4748
280,4749
131,4750
35,4751
219,4752
219,4753
220,4754
214,4755
21,4756
280,4757
220,4758
131,4759
220,4760
220,4761
220,4762
122,4763
200,4764
122,4765
67,4766
200,4767
162,4768
200,4769
200,4770
200,4771
200,4772
167,4773
167,4774
200,4775
132,4776
132,4777
200,4778
200,4779
67,4780
200,4781
132,4782
162,4783
132,4784
200,4785
167,4786
200,4787
167,4788
200,4789
200,4790
67,4791
167,4792
122,4793
167,4794
122,4795
200,4796
167,4797
200,4798
187,4799
122,4800
122,4801
167,4802
200,4803
67,4804
200,4805
122,4806
167,4807
200,4808
167,4809
176,4810
200,4811
132,4812
200,4813
200,4814
162,4815
162,4816
132,4817
200,4818
187,4819
200,4820
200,4821
200,4822
167,4823
122,4824
167,4825
200,4826
200,4827
281,4828
122,4829
200,4830
200,4831
122,4832
167,4833
200,4834
67,4835
132,4836
67,4837
167,4838
200,4839
200,4840
167,4841
200,4842
200,4843
132,4844
122,4845
167,4846
132,4847
132,4848
200,4849
200,4850
167,4851
200,4852
167,4853
187,4854
200,4855
200,4856
200,4857
200,4858
167,4859
132,4860
200,4861
167,4862
200,4863
132,4864
167,4865
200,4866
200,4867
200,4868
132,4869
167,4870
122,4871
200,4872
162,4873
200,4874
281,4875
200,4876
20,4877
200,4878
132,4879
132,4880
200,4881
132,4882
200,4883
200,4884
132,4885
167,4886
167,4887
167,4888
200,4889
132,4890
122,4891
122,4892
12,4893
200,4894
67,4895
122,4896
122,4897
200,4898
132,4899
200,4900
167,4901
122,4902
167,4903
132,4904
200,4905
132,4906
200,4907
200,4908
167,4909
122,4910
132,4911
200,4912
200,4913
122,4914
122,4915
67,4916
167,4917
132,4918
132,4919
132,4920
122,4921
200,4922
200,4923
122,4924
200,4925
67,4926
200,4927
122,4928
162,4929
200,4930
122,4931
167,4932
187,4933
167,4934
122,4935
167,4936
200,4937
200,4938
132,4939
200,4940
200,4941
200,4942
200,4943
200,4944
200,4945
129,4946
122,4947
122,4948
200,4949
67,4950
67,4951
281,4952
122,4953
167,4954
122,4955
122,4956
200,4957
281,4958
200,4959
167,4960
167,4961
200,4962
200,4963
122,4964
200,4965
122,4966
67,4967
167,4968
200,4969
162,4970
200,4971
200,4972
167,4973
122,4974
132,4975
200,4976
132,4977
122,4978
167,4979
167,4980
132,4981
132,4982
162,4983
132,4984
167,4985
200,4986
200,4987
122,4988
132,4989
200,4990
167,4991
200,4992
167,4993
132,4994
200,4995
200,4996
132,4997
200,4998
67,4999
200,5000
200,5001
122,5002
122,5003
200,5004
132,5005
132,5006
200,5007
200,5008
122,5009
122,5010
167,5011
67,5012
122,5013
167,5014
132,5015
132,5016
132,5017
200,5018
122,5019
200,5020
132,5021
167,5022
162,5023
200,5024
132,5025
167,5026
67,5027
67,5028
200,5029
167,5030
167,5031
200,5032
200,5033
167,5034
132,5035
132,5036
132,5037
200,5038
167,5039
200,5040
200,5041
187,5042
167,5043
132,5044
167,5045
200,5046
122,5047
132,5048
162,5049
20,5050
132,5051
122,5052
167,5053
167,5054
167,5055
132,5056
200,5057
200,5058
200,5059
167,5060
167,5061
200,5062
167,5063
200,5064
122,5065
122,5066
200,5067
200,5068
132,5069
132,5070
200,5071
67,5072
167,5073
167,5074
162,5075
167,5076
132,5077
67,5078
200,5079
167,5080
162,5081
122,5082
200,5083
122,5084
200,5085
200,5086
132,5087
200,5088
122,5089
122,5090
167,5091
167,5092
122,5093
132,5094
167,5095
200,5096
176,5097
162,5098
132,5099
200,5100
20,5101
132,5102
200,5103
200,5104
122,5105
122,5106
200,5107
167,5108
167,5109
122,5110
167,5111
122,5112
122,5113
200,5114
200,5115
122,5116
167,5117
200,5118
167,5119
200,5120
122,5121
167,5122
200,5123
132,5124
122,5125
122,5126
122,5127
200,5128
122,5129
200,5130
200,5131
200,5132
122,5133
200,5134
122,5135
122,5136
167,5137
200,5138
200,5139
67,5140
122,5141
122,5142
200,5143
167,5144
162,5145
132,5146
132,5147
200,5148
200,5149
12,5150
200,5151
187,5152
200,5153
132,5154
132,5155
122,5156
122,5157
162,5158
122,5159
122,5160
122,5161
132,5162
166,5163
167,5164
122,5165
122,5166
200,5167
200,5168
162,5169
167,5170
122,5171
167,5172
200,5173
200,5174
122,5175
200,5176
200,5177
200,5178
200,5179
67,5180
200,5181
200,5182
167,5183
132,5184
187,5185
167,5186
132,5187
122,5188
200,5189
162,5190
200,5191
200,5192
187,5193
200,5194
200,5195
200,5196
122,5197
132,5198
200,5199
167,5200
200,5201
200,5202
67,5203
200,5204
200,5205
122,5206
200,5207
200,5208
200,5209
167,5210
200,5211
167,5212
67,5213
122,5214
200,5215
122,5216
281,5217
281,5218
167,5219
122,5220
200,5221
167,5222
187,5223
162,5224
167,5225
67,5226
129,5227
200,5228
129,5229
167,5230
200,5231
132,5232
167,5233
132,5234
200,5235
122,5236
200,5237
132,5238
176,5239
200,5240
167,5241
167,5242
200,5243
200,5244
122,5245
132,5246
132,5247
122,5248
167,5249
167,5250
162,5251
167,5252
200,5253
132,5254
122,5255
132,5256
132,5257
167,5258
200,5259
200,5260
67,5261
132,5262
200,5263
200,5264
122,5265
167,5266
167,5267
132,5268
200,5269
200,5270
167,5271
167,5272
132,5273
234,5274
200,5275
200,5276
200,5277
200,5278
167,5279
201,5280
179,5281
110,5282
201,5283
201,5284
201,5285
95,5286
110,5287
110,5288
201,5289
201,5290
201,5291
139,5292
201,5293
201,5294
110,5295
139,5296
201,5297
110,5298
201,5299
201,5300
139,5301
253,5302
201,5303
81,5304
253,5305
201,5306
201,5307
110,5308
139,5309
253,5310
110,5311
179,5312
201,5313
201,5314
201,5315
201,5316
110,5317
253,5318
110,5319
253,5320
110,5321
201,5322
179,5323
110,5324
201,5325
253,5326
201,5327
81,5328
201,5329
253,5330
179,5331
201,5332
201,5333
110,5334
253,5335
201,5336
201,5337
201,5338
95,5339
201,5340
128,5341
201,5342
110,5343
201,5344
201,5345
201,5346
201,5347
201,5348
201,5349
201,5350
201,5351
201,5352
201,5353
201,5354
201,5355
139,5356
253,5357
110,5358
201,5359
201,5360
253,5361
201,5362
201,5363
95,5364
253,5365
253,5366
139,5367
179,5368
253,5369
110,5370
201,5371
253,5372
201,5373
253,5374
253,5375
201,5376
253,5377
201,5378
201,5379
201,5380
253,5381
110,5382
253,5383
110,5384
201,5385
110,5386
253,5387
201,5388
201,5389
201,5390
179,5391
110,5392
253,5393
253,5394
139,5395
110,5396
201,5397
139,5398
110,5399
110,5400
201,5401
201,5402
110,5403
201,5404
201,5405
201,5406
201,5407
139,5408
110,5409
110,5410
110,5411
201,5412
299,5413
201,5414
201,5415
201,5416
201,5417
110,5418
201,5419
201,5420
179,5421
201,5422
253,5423
201,5424
110,5425
201,5426
201,5427
253,5428
201,5429
201,5430
110,5431
139,5432
201,5433
201,5434
201,5435
110,5436
201,5437
110,5438
201,5439
201,5440
179,5441
201,5442
201,5443
139,5444
201,5445
253,5446
110,5447
110,5448
201,5449
95,5450
110,5451
201,5452
201,5453
110,5454
110,5455
253,5456
201,5457
179,5458
95,5459
201,5460
201,5461
110,5462
201,5463
201,5464
253,5465
201,5466
201,5467
253,5468
201,5469
179,5470
201,5471
253,5472
110,5473
253,5474
110,5475
95,5476
110,5477
95,5478
110,5479
201,5480
128,5481
139,5482
275,5483
139,5484
201,5485
201,5486
139,5487
201,5488
110,5489
201,5490
201,5491
110,5492
81,5493
110,5494
110,5495
110,5496
201,5497
201,5498
253,5499
253,5500
201,5501
139,5502
253,5503
201,5504
201,5505
201,5506
201,5507
110,5508
110,5509
201,5510
110,5511
110,5512
253,5513
201,5514
201,5515
110,5516
201,5517
139,5518
201,5519
201,5520
201,5521
201,5522
275,5523
253,5524
201,5525
253,5526
110,5527
253,5528
201,5529
201,5530
201,5531
110,5532
253,5533
139,5534
110,5535
95,5536
201,5537
201,5538
110,5539
253,5540
253,5541
201,5542
201,5543
110,5544
110,5545
110,5546
110,5547
201,5548
201,5549
201,5550
253,5551
201,5552
253,5553
253,5554
201,5555
201,5556
95,5557
110,5558
201,5559
253,5560
201,5561
139,5562
110,5563
201,5564
139,5565
139,5566
139,5567
110,5568
179,5569
201,5570
201,5571
201,5572
201,5573
110,5574
201,5575
110,5576
201,5577
253,5578
201,5579
110,5580
201,5581
201,5582
110,5583
139,5584
110,5585
95,5586
201,5587
253,5588
253,5589
139,5590
110,5591
201,5592
253,5593
179,5594
201,5595
201,5596
110,5597
253,5598
253,5599
110,5600
201,5601
201,5602
139,5603
201,5604
110,5605
201,5606
201,5607
201,5608
110,5609
110,5610
253,5611
201,5612
253,5613
201,5614
201,5615
110,5616
201,5617
201,5618
110,5619
95,5620
253,5621
95,5622
253,5623
201,5624
95,5625
110,5626
110,5627
201,5628
201,5629
253,5630
81,5631
253,5632
110,5633
201,5634
139,5635
110,5636
139,5637
110,5638
201,5639
201,5640
110,5641
201,5642
201,5643
110,5644
201,5645
253,5646
201,5647
110,5648
253,5649
179,5650
95,5651
81,5652
201,5653
201,5654
201,5655
201,5656
128,5657
110,5658
139,5659
139,5660
201,5661
201,5662
95,5663
110,5664
253,5665
253,5666
201,5667
201,5668
201,5669
253,5670
201,5671
139,5672
253,5673
110,5674
201,5675
253,5676
110,5677
253,5678
201,5679
253,5680
201,5681
201,5682
253,5683
253,5684
110,5685
253,5686
110,5687
110,5688
253,5689
95,5690
201,5691
201,5692
95,5693
201,5694
110,5695
110,5696
201,5697
253,5698
201,5699
110,5700
201,5701
110,5702
201,5703
110,5704
253,5705
201,5706
201,5707
110,5708
87,5709
110,5710
201,5711
110,5712
201,5713
110,5714
128,5715
201,5716
201,5717
253,5718
201,5719
253,5720
201,5721
253,5722
110,5723
201,5724
87,5725
145,5726
253,5727
110,5728
201,5729
253,5730
81,5731
201,5732
253,5733
179,5734
139,5735
201,5736
253,5737
201,5738
253,5739
110,5740
201,5741
139,5742
201,5743
110,5744
201,5745
253,5746
201,5747
110,5748
253,5749
110,5750
201,5751
110,5752
201,5753
110,5754
201,5755
253,5756
201,5757
139,5758
201,5759
81,5760
201,5761
110,5762
95,5763
201,5764
139,5765
110,5766
201,5767
253,5768
201,5769
253,5770
201,5771
253,5772
110,5773
201,5774
139,5775
201,5776
110,5777
201,5778
110,5779
95,5780
253,5781
201,5782
201,5783
201,5784
275,5785
110,5786
201,5787
201,5788
110,5789
201,5790
201,5791
253,5792
201,5793
95,5794
201,5795
201,5796
201,5797
201,5798
110,5799
201,5800
253,5801
253,5802
201,5803
201,5804
201,5805
110,5806
110,5807
253,5808
201,5809
253,5810
201,5811
253,5812
95,5813
253,5814
253,5815
110,5816
139,5817
201,5818
201,5819
275,5820
275,5821
201,5822
110,5823
201,5824
201,5825
110,5826
201,5827
179,5828
201,5829
201,5830
201,5831
201,5832
253,5833
128,5834
201,5835
253,5836
87,5837
110,5838
201,5839
201,5840
95,5841
253,5842
110,5843
179,5844
179,5845
201,5846
253,5847
253,5848
201,5849
201,5850
110,5851
275,5852
95,5853
201,5854
201,5855
110,5856
201,5857
201,5858
179,5859
221,5860
137,5861
92,5862
199,5863
8,5864
221,5865
221,5866
102,5867
22,5868
221,5869
221,5870
199,5871
22,5872
22,5873
92,5874
221,5875
221,5876
22,5877
53,5878
22,5879
221,5880
102,5881
221,5882
53,5883
221,5884
53,5885
102,5886
221,5887
154,5888
27,5889
8,5890
221,5891
22,5892
53,5893
221,5894
22,5895
221,5896
53,5897
199,5898
199,5899
8,5900
221,5901
8,5902
22,5903
27,5904
22,5905
221,5906
22,5907
22,5908
22,5909
199,5910
53,5911
154,5912
221,5913
221,5914
199,5915
221,5916
221,5917
22,5918
221,5919
221,5920
199,5921
221,5922
53,5923
221,5924
22,5925
221,5926
221,5927
199,5928
22,5929
221,5930
22,5931
221,5932
22,5933
22,5934
17,5935
199,5936
221,5937
221,5938
221,5939
160,5940
221,5941
22,5942
22,5943
221,5944
221,5945
102,5946
22,5947
221,5948
221,5949
221,5950
221,5951
221,5952
221,5953
53,5954
221,5955
221,5956
53,5957
221,5958
221,5959
221,5960
221,5961
22,5962
22,5963
221,5964
221,5965
154,5966
53,5967
221,5968
221,5969
221,5970
35,5971
160,5972
221,5973
22,5974
199,5975
199,5976
22,5977
199,5978
22,5979
22,5980
221,5981
199,5982
160,5983
221,5984
22,5985
77,5986
101,5987
107,5988
101,5989
44,5990
101,5991
173,5992
101,5993
44,5994
101,5995
77,5996
77,5997
101,5998
107,5999
44,6000
199,6001
182,6002
173,6003
173,6004
77,6005
173,6006
101,6007
101,6008
77,6009
44,6010
182,6011
173,6012
30,6013
107,6014
101,6015
182,6016
107,6017
101,6018
44,6019
173,6020
173,6021
182,6022
63,6023
101,6024
77,6025
101,6026
173,6027
173,6028
44,6029
44,6030
173,6031
107,6032
101,6033
77,6034
101,6035
173,6036
101,6037
107,6038
173,6039
77,6040
77,6041
287,6042
101,6043
77,6044
77,6045
199,6046
101,6047
173,6048
101,6049
77,6050
77,6051
77,6052
107,6053
30,6054
101,6055
77,6056
101,6057
101,6058
173,6059
101,6060
101,6061
77,6062
182,6063
44,6064
44,6065
44,6066
287,6067
77,6068
56,6069
101,6070
101,6071
107,6072
44,6073
107,6074
101,6075
101,6076
81,6077
77,6078
173,6079
173,6080
182,6081
173,6082
44,6083
44,6084
77,6085
107,6086
107,6087
101,6088
101,6089
44,6090
107,6091
63,6092
77,6093
101,6094
101,6095
107,6096
63,6097
44,6098
77,6099
269,6100
77,6101
44,6102
77,6103
173,6104
107,6105
101,6106
44,6107
107,6108
77,6109
77,6110
77,6111
173,6112
101,6113
77,6114
101,6115
107,6116
44,6117
77,6118
77,6119
63,6120
173,6121
77,6122
173,6123
63,6124
199,6125
173,6126
182,6127
77,6128
101,6129
101,6130
77,6131
173,6132
287,6133
44,6134
101,6135
173,6136
173,6137
101,6138
101,6139
101,6140
101,6141
44,6142
77,6143
44,6144
199,6145
173,6146
77,6147
44,6148
77,6149
44,6150
30,6151
101,6152
77,6153
101,6154
199,6155
101,6156
77,6157
101,6158
101,6159
39,6160
101,6161
173,6162
39,6163
77,6164
173,6165
44,6166
173,6167
101,6168
287,6169
101,6170
173,6171
101,6172
107,6173
44,6174
101,6175
77,6176
173,6177
101,6178
173,6179
182,6180
107,6181
101,6182
173,6183
107,6184
101,6185
269,6186
195,6187
173,6188
173,6189
287,6190
107,6191
195,6192
77,6193
173,6194
101,6195
101,6196
107,6197
173,6198
101,6199
77,6200
101,6201
101,6202
173,6203
173,6204
101,6205
107,6206
101,6207
173,6208
101,6209
101,6210
173,6211
77,6212
44,6213
44,6214
44,6215
101,6216
44,6217
182,6218
182,6219
77,6220
107,6221
173,6222
269,6223
107,6224
77,6225
107,6226
77,6227
173,6228
101,6229
173,6230
101,6231
101,6232
173,6233
173,6234
101,6235
107,6236
77,6237
107,6238
101,6239
63,6240
152,6241
112,6242
231,6243
152,6244
223,6245
112,6246
223,6247
112,6248
112,6249
152,6250
112,6251
112,6252
112,6253
152,6254
112,6255
112,6256
112,6257
112,6258
256,6259
152,6260
112,6261
256,6262
152,6263
112,6264
112,6265
112,6266
152,6267
152,6268
152,6269
152,6270
112,6271
112,6272
112,6273
152,6274
234,6275
112,6276
112,6277
151,6278
234,6279
112,6280
234,6281
152,6282
234,6283
234,6284
256,6285
112,6286
152,6287
112,6288
112,6289
216,6290
298,6291
19,6292
226,6293
79,6294
79,6295
187,6296
298,6297
214,6298
14,6299
214,6300
226,6301
268,6302
14,6303
216,6304
216,6305
216,6306
31,6307
24,6308
60,6309
19,6310
14,6311
298,6312
19,6313
216,6314
60,6315
226,6316
226,6317
216,6318
216,6319
216,6320
216,6321
14,6322
216,6323
216,6324
216,6325
24,6326
216,6327
88,6328
216,6329
216,6330
79,6331
298,6332
24,6333
24,6334
24,6335
216,6336
24,6337
24,6338
19,6339
24,6340
216,6341
216,6342
24,6343
216,6344
24,6345
216,6346
226,6347
216,6348
24,6349
216,6350
216,6351
268,6352
214,6353
216,6354
216,6355
298,6356
19,6357
60,6358
14,6359
14,6360
14,6361
216,6362
179,6363
216,6364
216,6365
298,6366
24,6367
226,6368
216,6369
14,6370
216,6371
298,6372
216,6373
24,6374
298,6375
216,6376
216,6377
216,6378
298,6379
226,6380
216,6381
216,6382
216,6383
216,6384
216,6385
60,6386
216,6387
24,6388
24,6389
24,6390
216,6391
24,6392
298,6393
24,6394
216,6395
216,6396
14,6397
19,6398
24,6399
216,6400
216,6401
216,6402
226,6403
60,6404
24,6405
216,6406
24,6407
60,6408
216,6409
19,6410
216,6411
216,6412
216,6413
298,6414
14,6415
216,6416
298,6417
214,6418
216,6419
19,6420
216,6421
216,6422
216,6423
216,6424
216,6425
216,6426
19,6427
24,6428
19,6429
216,6430
216,6431
216,6432
24,6433
24,6434
24,6435
216,6436
14,6437
31,6438
14,6439
24,6440
226,6441
298,6442
216,6443
216,6444
14,6445
216,6446
216,6447
216,6448
216,6449
216,6450
60,6451
298,6452
268,6453
216,6454
226,6455
226,6456
216,6457
9,6458
79,6459
298,6460
216,6461
298,6462
298,6463
14,6464
24,6465
24,6466
24,6467
19,6468
288,6469
24,6470
226,6471
216,6472
216,6473
19,6474
14,6475
216,6476
226,6477
216,6478
216,6479
14,6480
216,6481
298,6482
298,6483
216,6484
19,6485
216,6486
216,6487
24,6488
24,6489
216,6490
19,6491
216,6492
19,6493
216,6494
298,6495
24,6496
216,6497
24,6498
24,6499
298,6500
216,6501
298,6502
216,6503
298,6504
216,6505
216,6506
24,6507
179,6508
268,6509
14,6510
298,6511
298,6512
226,6513
214,6514
216,6515
216,6516
298,6517
298,6518
226,6519
298,6520
14,6521
88,6522
216,6523
14,6524
24,6525
216,6526
79,6527
298,6528
226,6529
216,6530
14,6531
216,6532
298,6533
226,6534
298,6535
216,6536
14,6537
298,6538
179,6539
298,6540
216,6541
216,6542
268,6543
19,6544
79,6545
79,6546
24,6547
19,6548
216,6549
216,6550
216,6551
298,6552
24,6553
298,6554
298,6555
226,6556
19,6557
14,6558
216,6559
298,6560
298,6561
298,6562
216,6563
19,6564
298,6565
226,6566
216,6567
24,6568
216,6569
24,6570
216,6571
216,6572
298,6573
24,6574
216,6575
79,6576
216,6577
24,6578
216,6579
298,6580
14,6581
19,6582
216,6583
14,6584
14,6585
298,6586
298,6587
214,6588
31,6589
298,6590
216,6591
226,6592
298,6593
216,6594
216,6595
14,6596
216,6597
216,6598
19,6599
24,6600
216,6601
20,6602
19,6603
216,6604
24,6605
298,6606
14,6607
226,6608
14,6609
216,6610
298,6611
298,6612
226,6613
79,6614
216,6615
24,6616
298,6617
298,6618
216,6619
14,6620
14,6621
298,6622
216,6623
31,6624
24,6625
216,6626
216,6627
216,6628
216,6629
19,6630
226,6631
24,6632
298,6633
216,6634
24,6635
298,6636
216,6637
24,6638
79,6639
216,6640
298,6641
14,6642
19,6643
24,6644
79,6645
216,6646
14,6647
298,6648
226,6649
298,6650
24,6651
14,6652
226,6653
298,6654
187,6655
79,6656
268,6657
14,6658
216,6659
216,6660
216,6661
216,6662
216,6663
24,6664
216,6665
226,6666
24,6667
216,6668
24,6669
24,6670
31,6671
24,6672
298,6673
60,6674
216,6675
216,6676
216,6677
226,6678
298,6679
216,6680
24,6681
19,6682
298,6683
24,6684
261,6685
236,6686
236,6687
236,6688
236,6689
155,6690
272,6691
236,6692
236,6693
261,6694
261,6695
236,6696
178,6697
261,6698
261,6699
236,6700
178,6701
236,6702
236,6703
236,6704
261,6705
236,6706
261,6707
261,6708
178,6709
261,6710
236,6711
178,6712
37,6713
37,6714
236,6715
236,6716
178,6717
272,6718
236,6719
38,6720
236,6721
272,6722
272,6723
236,6724
236,6725
178,6726
178,6727
236,6728
261,6729
236,6730
272,6731
236,6732
236,6733
236,6734
236,6735
261,6736
261,6737
37,6738
236,6739
37,6740
236,6741
236,6742
178,6743
236,6744
261,6745
37,6746
236,6747
236,6748
272,6749
261,6750
261,6751
178,6752
236,6753
261,6754
261,6755
272,6756
236,6757
261,6758
236,6759
236,6760
261,6761
236,6762
261,6763
236,6764
236,6765
58,6766
37,6767
236,6768
236,6769
272,6770
103,6771
103,6772
155,6773
58,6774
236,6775
236,6776
272,6777
236,6778
236,6779
261,6780
37,6781
176,6782
236,6783
261,6784
236,6785
261,6786
236,6787
236,6788
272,6789
236,6790
236,6791
261,6792
272,6793
261,6794
261,6795
236,6796
236,6797
178,6798
236,6799
261,6800
272,6801
261,6802
261,6803
261,6804
236,6805
178,6806
261,6807
261,6808
236,6809
236,6810
236,6811
236,6812
236,6813
261,6814
37,6815
261,6816
236,6817
261,6818
272,6819
261,6820
261,6821
261,6822
27,6823
261,6824
236,6825
261,6826
236,6827
261,6828
261,6829
178,6830
221,6831
261,6832
178,6833
236,6834
236,6835
236,6836
261,6837
178,6838
236,6839
178,6840
37,6841
58,6842
272,6843
272,6844
261,6845
261,6846
236,6847
236,6848
236,6849
103,6850
236,6851
188,6852
103,6853
236,6854
236,6855
103,6856
261,6857
236,6858
261,6859
236,6860
236,6861
236,6862
236,6863
261,6864
261,6865
236,6866
236,6867
236,6868
178,6869
236,6870
272,6871
103,6872
261,6873
236,6874
236,6875
37,6876
261,6877
261,6878
236,6879
261,6880
58,6881
261,6882
221,6883
236,6884
37,6885
236,6886
236,6887
236,6888
236,6889
272,6890
236,6891
261,6892
103,6893
236,6894
236,6895
178,6896
236,6897
236,6898
221,6899
236,6900
236,6901
37,6902
261,6903
103,6904
272,6905
37,6906
261,6907
236,6908
261,6909
234,6910
255,6911
255,6912
255,6913
234,6914
106,6915
126,6916
255,6917
126,6918
140,6919
248,6920
234,6921
106,6922
126,6923
154,6924
126,6925
279,6926
255,6927
255,6928
126,6929
91,6930
255,6931
38,6932
126,6933
255,6934
45,6935
126,6936
234,6937
234,6938
140,6939
255,6940
126,6941
106,6942
126,6943
126,6944
279,6945
126,6946
91,6947
234,6948
106,6949
126,6950
126,6951
126,6952
255,6953
126,6954
91,6955
126,6956
154,6957
126,6958
234,6959
126,6960
106,6961
126,6962
234,6963
140,6964
140,6965
248,6966
234,6967
56,6968
279,6969
255,6970
234,6971
279,6972
292,6973
140,6974
126,6975
126,6976
126,6977
248,6978
234,6979
234,6980
126,6981
255,6982
126,6983
91,6984
74,6985
234,6986
126,6987
255,6988
255,6989
126,6990
248,6991
63,6992
126,6993
248,6994
234,6995
126,6996
126,6997
255,6998
154,6999
126,7000
140,7001
56,7002
255,7003
255,7004
106,7005
126,7006
255,7007
106,7008
126,7009
140,7010
154,7011
126,7012
126,7013
126,7014
23,7015
279,7016
234,7017
234,7018
126,7019
126,7020
126,7021
126,7022
91,7023
106,7024
126,7025
255,7026
234,7027
234,7028
216,7029
126,7030
255,7031
255,7032
275,7033
106,7034
126,7035
56,7036
126,7037
248,7038
234,7039
126,7040
91,7041
23,7042
56,7043
140,7044
154,7045
126,7046
126,7047
126,7048
216,7049
234,7050
255,7051
248,7052
234,7053
154,7054
248,7055
234,7056
216,7057
234,7058
140,7059
126,7060
126,7061
183,7062
216,7063
126,7064
126,7065
126,7066
23,7067
255,7068
91,7069
126,7070
126,7071
234,7072
255,7073
91,7074
126,7075
234,7076
126,7077
216,7078
91,7079
275,7080
255,7081
126,7082
248,7083
126,7084
126,7085
126,7086
140,7087
279,7088
140,7089
126,7090
106,7091
126,7092
234,7093
126,7094
126,7095
106,7096
234,7097
126,7098
126,7099
126,7100
56,7101
126,7102
255,7103
255,7104
154,7105
140,7106
91,7107
140,7108
126,7109
255,7110
279,7111
234,7112
126,7113
140,7114
140,7115
140,7116
255,7117
56,7118
126,7119
279,7120
91,7121
126,7122
205,7123
91,7124
279,7125
56,7126
234,7127
126,7128
56,7129
106,7130
140,7131
126,7132
234,7133
126,7134
126,7135
126,7136
126,7137
205,7138
275,7139
154,7140
126,7141
279,7142
126,7143
106,7144
56,7145
275,7146
126,7147
140,7148
140,7149
255,7150
234,7151
91,7152
126,7153
126,7154
126,7155
126,7156
91,7157
126,7158
106,7159
126,7160
106,7161
56,7162
126,7163
234,7164
248,7165
106,7166
91,7167
255,7168
126,7169
255,7170
140,7171
23,7172
126,7173
140,7174
140,7175
234,7176
91,7177
255,7178
126,7179
140,7180
140,7181
126,7182
234,7183
279,7184
126,7185
234,7186
91,7187
126,7188
140,7189
255,7190
23,7191
234,7192
106,7193
126,7194
126,7195
126,7196
255,7197
126,7198
106,7199
126,7200
255,7201
126,7202
140,7203
248,7204
126,7205
91,7206
126,7207
91,7208
279,7209
126,7210
234,7211
234,7212
126,7213
234,7214
234,7215
234,7216
234,7217
126,7218
234,7219
255,7220
234,7221
91,7222
126,7223
91,7224
126,7225
23,7226
126,7227
234,7228
126,7229
234,7230
126,7231
106,7232
126,7233
248,7234
234,7235
279,7236
91,7237
126,7238
126,7239
126,7240
279,7241
106,7242
38,7243
255,7244
248,7245
279,7246
255,7247
126,7248
255,7249
154,7250
126,7251
126,7252
234,7253
255,7254
140,7255
91,7256
126,7257
126,7258
234,7259
216,7260
91,7261
126,7262
154,7263
23,7264
257,7265
234,7266
255,7267
126,7268
234,7269
140,7270
126,7271
216,7272
234,7273
91,7274
126,7275
279,7276
126,7277
140,7278
91,7279
126,7280
234,7281
126,7282
255,7283
126,7284
154,7285
56,7286
234,7287
126,7288
140,7289
126,7290
126,7291
126,7292
255,7293
126,7294
234,7295
140,7296
126,7297
56,7298
257,7299
234,7300
234,7301
255,7302
126,7303
126,7304
279,7305
255,7306
126,7307
255,7308
91,7309
106,7310
140,7311
140,7312
140,7313
126,7314
126,7315
154,7316
63,7317
234,7318
126,7319
126,7320
216,7321
234,7322
91,7323
126,7324
126,7325
126,7326
140,7327
234,7328
91,7329
255,7330
234,7331
140,7332
126,7333
126,7334
234,7335
126,7336
255,7337
234,7338
106,7339
140,7340
234,7341
126,7342
234,7343
126,7344
255,7345
140,7346
126,7347
255,7348
23,7349
91,7350
126,7351
126,7352
126,7353
126,7354
126,7355
255,7356
140,7357
126,7358
126,7359
255,7360
126,7361
255,7362
140,7363
140,7364
56,7365
140,7366
126,7367
255,7368
255,7369
255,7370
279,7371
255,7372
126,7373
140,7374
56,7375
106,7376
126,7377
23,7378
216,7379
279,7380
140,7381
248,7382
279,7383
279,7384
140,7385
234,7386
106,7387
23,7388
126,7389
255,7390
234,7391
91,7392
56,7393
279,7394
234,7395
91,7396
126,7397
151,7398
256,7399
73,7400
151,7401
39,7402
256,7403
256,7404
151,7405
201,7406
3,7407
256,7408
151,7409
2,7410
22,7411
151,7412
151,7413
17,7414
256,7415
151,7416
151,7417
272,7418
17,7419
52,7420
282,7421
17,7422
2,7423
151,7424
256,7425
2,7426
151,7427
17,7428
17,7429
17,7430
151,7431
17,7432
151,7433
17,7434
146,7435
272,7436
272,7437
256,7438
7,7439
73,7440
272,7441
256,7442
151,7443
22,7444
151,7445
39,7446
73,7447
17,7448
114,7449
151,7450
2,7451
17,7452
272,7453
262,7454
151,7455
272,7456
22,7457
17,7458
151,7459
17,7460
256,7461
2,7462
17,7463
256,7464
114,7465
272,7466
272,7467
17,7468
22,7469
22,7470
201,7471
17,7472
272,7473
17,7474
151,7475
2,7476
2,7477
73,7478
73,7479
22,7480
151,7481
151,7482
17,7483
22,7484
151,7485
151,7486
256,7487
282,7488
151,7489
256,7490
256,7491
256,7492
22,7493
17,7494
17,7495
151,7496
22,7497
22,7498
272,7499
151,7500
2,7501
17,7502
272,7503
256,7504
201,7505
256,7506
151,7507
272,7508
52,7509
151,7510
262,7511
151,7512
2,7513
119,7514
170,7515
170,7516
170,7517
170,7518
264,7519
170,7520
10,7521
119,7522
241,7523
129,7524
264,7525
170,7526
129,7527
10,7528
129,7529
194,7530
10,7531
129,7532
170,7533
194,7534
119,7535
10,7536
264,7537
10,7538
119,7539
194,7540
129,7541
281,7542
239,7543
10,7544
10,7545
10,7546
119,7547
10,7548
213,7549
129,7550
170,7551
241,7552
194,7553
170,7554
10,7555
241,7556
119,7557
183,7558
183,7559
170,7560
10,7561
281,7562
264,7563
194,7564
119,7565
241,7566
170,7567
10,7568
170,7569
10,7570
264,7571
194,7572
194,7573
183,7574
10,7575
194,7576
13,7577
119,7578
55,7579
183,7580
183,7581
10,7582
183,7583
10,7584
264,7585
10,7586
3,7587
183,7588
129,7589
170,7590
183,7591
119,7592
183,7593
10,7594
170,7595
129,7596
170,7597
170,7598
119,7599
119,7600
183,7601
119,7602
183,7603
183,7604
170,7605
153,7606
10,7607
119,7608
264,7609
10,7610
170,7611
119,7612
170,7613
129,7614
10,7615
119,7616
10,7617
10,7618
13,7619
194,7620
129,7621
10,7622
119,7623
170,7624
119,7625
170,7626
170,7627
119,7628
269,7629
3,7630
183,7631
170,7632
10,7633
170,7634
119,7635
10,7636
170,7637
119,7638
170,7639
10,7640
119,7641
239,7642
264,7643
241,7644
170,7645
10,7646
170,7647
129,7648
170,7649
129,7650
3,7651
119,7652
194,7653
129,7654
10,7655
119,7656
119,7657
129,7658
170,7659
183,7660
119,7661
119,7662
119,7663
264,7664
170,7665
269,7666
264,7667
119,7668
119,7669
183,7670
264,7671
170,7672
10,7673
119,7674
119,7675
119,7676
129,7677
194,7678
10,7679
10,7680
241,7681
170,7682
3,7683
119,7684
119,7685
183,7686
170,7687
119,7688
170,7689
119,7690
170,7691
183,7692
194,7693
10,7694
264,7695
170,7696
10,7697
3,7698
170,7699
10,7700
183,7701
10,7702
194,7703
10,7704
119,7705
3,7706
170,7707
119,7708
10,7709
170,7710
10,7711
10,7712
129,7713
10,7714
119,7715
10,7716
241,7717
23,7718
52,7719
163,7720
199,7721
199,7722
213,7723
199,7724
213,7725
199,7726
214,7727
213,7728
52,7729
199,7730
23,7731
163,7732
115,7733
52,7734
52,7735
115,7736
52,7737
199,7738
199,7739
199,7740
199,7741
213,7742
199,7743
199,7744
213,7745
23,7746
115,7747
199,7748
187,7749
194,7750
187,7751
93,7752
163,7753
163,7754
213,7755
163,7756
116,7757
163,7758
187,7759
199,7760
163,7761
23,7762
199,7763
213,7764
199,7765
187,7766
214,7767
115,7768
199,7769
52,7770
213,7771
199,7772
213,7773
23,7774
213,7775
163,7776
23,7777
52,7778
213,7779
23,7780
214,7781
23,7782
93,7783
187,7784
115,7785
163,7786
199,7787
163,7788
115,7789
199,7790
23,7791
199,7792
93,7793
52,7794
199,7795
115,7796
115,7797
115,7798
199,7799
163,7800
115,7801
52,7802
199,7803
115,7804
163,7805
93,7806
23,7807
163,7808
199,7809
116,7810
115,7811
213,7812
23,7813
144,7814
115,7815
214,7816
115,7817
199,7818
163,7819
115,7820
115,7821
199,7822
199,7823
199,7824
23,7825
23,7826
199,7827
187,7828
163,7829
115,7830
163,7831
163,7832
199,7833
213,7834
23,7835
163,7836
93,7837
23,7838
199,7839
93,7840
199,7841
199,7842
199,7843
163,7844
199,7845
163,7846
163,7847
116,7848
187,7849
23,7850
23,7851
213,7852
213,7853
23,7854
214,7855
199,7856
115,7857
115,7858
115,7859
163,7860
199,7861
52,7862
163,7863
213,7864
115,7865
115,7866
163,7867
163,7868
115,7869
23,7870
199,7871
213,7872
163,7873
199,7874
199,7875
213,7876
213,7877
199,7878
52,7879
115,7880
199,7881
115,7882
116,7883
23,7884
163,7885
115,7886
115,7887
115,7888
52,7889
199,7890
199,7891
199,7892
52,7893
144,7894
199,7895
199,7896
199,7897
23,7898
115,7899
213,7900
163,7901
213,7902
194,7903
214,7904
214,7905
199,7906
115,7907
52,7908
163,7909
116,7910
52,7911
52,7912
163,7913
199,7914
23,7915
115,7916
187,7917
163,7918
52,7919
199,7920
23,7921
199,7922
199,7923
163,7924
199,7925
116,7926
199,7927
115,7928
9,7929
213,7930
199,7931
213,7932
213,7933
163,7934
199,7935
213,7936
52,7937
52,7938
23,7939
214,7940
199,7941
213,7942
163,7943
213,7944
115,7945
187,7946
199,7947
52,7948
199,7949
199,7950
199,7951
199,7952
199,7953
199,7954
163,7955
187,7956
115,7957
199,7958
199,7959
115,7960
213,7961
199,7962
52,7963
199,7964
199,7965
187,7966
199,7967
52,7968
163,7969
52,7970
163,7971
199,7972
194,7973
115,7974
23,7975
199,7976
213,7977
199,7978
213,7979
213,7980
115,7981
115,7982
163,7983
93,7984
199,7985
163,7986
199,7987
213,7988
214,7989
9,7990
23,7991
213,7992
199,7993
163,7994
163,7995
115,7996
199,7997
199,7998
52,7999
213,8000
52,8001
93,8002
52,8003
199,8004
213,8005
213,8006
163,8007
93,8008
199,8009
115,8010
52,8011
93,8012
115,8013
23,8014
199,8015
199,8016
115,8017
163,8018
213,8019
52,8020
199,8021
199,8022
213,8023
199,8024
199,8025
199,8026
213,8027
23,8028
116,8029
199,8030
199,8031
52,8032
199,8033
199,8034
199,8035
213,8036
115,8037
199,8038
214,8039
163,8040
52,8041
163,8042
199,8043
199,8044
115,8045
52,8046
199,8047
163,8048
93,8049
52,8050
199,8051
115,8052
213,8053
199,8054
4,8055
4,8056
227,8057
271,8058
271,8059
271,8060
4,8061
4,8062
271,8063
271,8064
296,8065
227,8066
110,8067
110,8068
271,8069
4,8070
110,8071
291,8072
110,8073
250,8074
271,8075
7,8076
250,8077
110,8078
4,8079
271,8080
250,8081
250,8082
271,8083
4,8084
250,8085
271,8086
4,8087
271,8088
110,8089
4,8090
110,8091
227,8092
227,8093
4,8094
110,8095
250,8096
110,8097
271,8098
4,8099
250,8100
250,8101
291,8102
271,8103
4,8104
271,8105
227,8106
271,8107
271,8108
110,8109
4,8110
227,8111
291,8112
4,8113
110,8114
4,8115
110,8116
250,8117
4,8118
250,8119
110,8120
271,8121
227,8122
227,8123
110,8124
250,8125
271,8126
110,8127
227,8128
110,8129
271,8130
250,8131
291,8132
250,8133
271,8134
110,8135
250,8136
227,8137
110,8138
227,8139
250,8140
227,8141
271,8142
227,8143
182,8144
210,8145
141,8146
210,8147
141,8148
210,8149
294,8150
141,8151
210,8152
141,8153
210,8154
64,8155
141,8156
294,8157
210,8158
141,8159
210,8160
141,8161
141,8162
141,8163
264,8164
141,8165
141,8166
141,8167
141,8168
294,8169
264,8170
294,8171
264,8172
264,8173
294,8174
141,8175
141,8176
264,8177
141,8178
210,8179
141,8180
264,8181
64,8182
294,8183
141,8184
210,8185
294,8186
264,8187
294,8188
141,8189
141,8190
141,8191
141,8192
141,8193
141,8194
264,8195
294,8196
294,8197
294,8198
11,8199
141,8200
141,8201
141,8202
264,8203
264,8204
141,8205
294,8206
210,8207
141,8208
141,8209
141,8210
210,8211
294,8212
294,8213
264,8214
294,8215
141,8216
141,8217
64,8218
294,8219
141,8220
141,8221
141,8222
274,8223
141,8224
264,8225
141,8226
264,8227
141,8228
294,8229
210,8230
264,8231
141,8232
264,8233
264,8234
141,8235
141,8236
141,8237
64,8238
141,8239
294,8240
141,8241
294,8242
294,8243
294,8244
264,8245
264,8246
141,8247
210,8248
141,8249
141,8250
294,8251
141,8252
210,8253
141,8254
11,8255
141,8256
141,8257
294,8258
141,8259
141,8260
294,8261
294,8262
294,8263
264,8264
264,8265
210,8266
294,8267
264,8268
141,8269
264,8270
141,8271
210,8272
141,8273
264,8274
210,8275
141,8276
141,8277
141,8278
294,8279
294,8280
264,8281
141,8282
294,8283
264,8284
264,8285
294,8286
294,8287
294,8288
294,8289
294,8290
294,8291
264,8292
294,8293
141,8294
264,8295
264,8296
141,8297
294,8298
141,8299
294,8300
264,8301
141,8302
294,8303
141,8304
141,8305
294,8306
141,8307
141,8308
141,8309
294,8310
294,8311
264,8312
141,8313
210,8314
264,8315
141,8316
141,8317
141,8318
141,8319
141,8320
294,8321
210,8322
210,8323
141,8324
294,8325
210,8326
141,8327
210,8328
141,8329
141,8330
141,8331
141,8332
264,8333
141,8334
294,8335
141,8336
141,8337
294,8338
141,8339
294,8340
141,8341
141,8342
294,8343
294,8344
294,8345
294,8346
264,8347
289,8348
294,8349
141,8350
267,8351
141,8352
141,8353
294,8354
141,8355
294,8356
264,8357
294,8358
141,8359
182,8360
141,8361
264,8362
108,8363
264,8364
294,8365
264,8366
141,8367
131,8368
131,8369
131,8370
131,8371
194,8372
165,8373
181,8374
131,8375
194,8376
155,8377
87,8378
26,8379
26,8380
185,8381
194,8382
131,8383
194,8384
194,8385
152,8386
131,8387
131,8388
185,8389
155,8390
251,8391
165,8392
185,8393
131,8394
152,8395
185,8396
194,8397
87,8398
165,8399
165,8400
165,8401
131,8402
131,8403
181,8404
165,8405
251,8406
194,8407
87,8408
194,8409
165,8410
194,8411
155,8412
155,8413
157,8414
185,8415
131,8416
26,8417
152,8418
194,8419
152,8420
185,8421
131,8422
165,8423
181,8424
26,8425
131,8426
131,8427
194,8428
185,8429
194,8430
131,8431
152,8432
131,8433
185,8434
185,8435
152,8436
155,8437
131,8438
185,8439
181,8440
131,8441
131,8442
131,8443
131,8444
131,8445
185,8446
131,8447
181,8448
165,8449
185,8450
131,8451
131,8452
131,8453
131,8454
131,8455
157,8456
131,8457
155,8458
152,8459
155,8460
155,8461
131,8462
131,8463
131,8464
131,8465
165,8466
155,8467
185,8468
185,8469
194,8470
181,8471
185,8472
181,8473
181,8474
251,8475
251,8476
185,8477
208,8478
165,8479
194,8480
152,8481
131,8482
87,8483
131,8484
131,8485
131,8486
131,8487
185,8488
152,8489
131,8490
194,8491
181,8492
165,8493
181,8494
131,8495
131,8496
131,8497
131,8498
165,8499
26,8500
26,8501
131,8502
131,8503
201,8504
152,8505
155,8506
131,8507
87,8508
185,8509
194,8510
185,8511
131,8512
194,8513
87,8514
185,8515
208,8516
152,8517
155,8518
208,8519
157,8520
251,8521
157,8522
165,8523
194,8524
131,8525
208,8526
181,8527
131,8528
185,8529
201,8530
131,8531
165,8532
131,8533
194,8534
87,8535
155,8536
131,8537
26,8538
165,8539
194,8540
251,8541
251,8542
152,8543
194,8544
194,8545
155,8546
152,8547
131,8548
155,8549
157,8550
26,8551
152,8552
194,8553
26,8554
167,8555
194,8556
208,8557
155,8558
201,8559
131,8560
185,8561
26,8562
152,8563
131,8564
181,8565
165,8566
185,8567
131,8568
194,8569
155,8570
165,8571
26,8572
155,8573
131,8574
185,8575
131,8576
131,8577
251,8578
131,8579
165,8580
26,8581
131,8582
181,8583
155,8584
131,8585
165,8586
152,8587
165,8588
251,8589
155,8590
131,8591
165,8592
131,8593
131,8594
251,8595
165,8596
165,8597
165,8598
251,8599
87,8600
155,8601
131,8602
131,8603
185,8604
155,8605
185,8606
201,8607
87,8608
131,8609
87,8610
152,8611
194,8612
26,8613
165,8614
87,8615
152,8616
131,8617
131,8618
251,8619
131,8620
131,8621
131,8622
167,8623
185,8624
251,8625
251,8626
87,8627
131,8628
131,8629
131,8630
131,8631
194,8632
131,8633
194,8634
131,8635
165,8636
194,8637
194,8638
155,8639
157,8640
131,8641
26,8642
185,8643
26,8644
165,8645
155,8646
131,8647
131,8648
194,8649
194,8650
194,8651
185,8652
185,8653
194,8654
131,8655
131,8656
87,8657
87,8658
155,8659
181,8660
194,8661
87,8662
131,8663
194,8664
131,8665
165,8666
131,8667
194,8668
152,8669
155,8670
152,8671
87,8672
208,8673
26,8674
185,8675
194,8676
185,8677
165,8678
208,8679
152,8680
152,8681
165,8682
131,8683
155,8684
185,8685
155,8686
194,8687
165,8688
152,8689
87,8690
155,8691
165,8692
185,8693
26,8694
155,8695
165,8696
194,8697
157,8698
131,8699
131,8700
185,8701
131,8702
131,8703
194,8704
131,8705
165,8706
155,8707
155,8708
131,8709
131,8710
155,8711
26,8712
131,8713
155,8714
131,8715
131,8716
155,8717
165,8718
194,8719
185,8720
194,8721
87,8722
131,8723
155,8724
185,8725
87,8726
131,8727
251,8728
152,8729
194,8730
183,8731
131,8732
181,8733
131,8734
131,8735
185,8736
152,8737
181,8738
131,8739
194,8740
26,8741
194,8742
185,8743
157,8744
194,8745
165,8746
131,8747
87,8748
251,8749
26,8750
131,8751
165,8752
152,8753
208,8754
185,8755
152,8756
165,8757
165,8758
165,8759
194,8760
194,8761
131,8762
131,8763
194,8764
185,8765
131,8766
185,8767
131,8768
194,8769
152,8770
185,8771
131,8772
131,8773
131,8774
131,8775
155,8776
194,8777
251,8778
185,8779
165,8780
194,8781
152,8782
251,8783
155,8784
165,8785
185,8786
185,8787
152,8788
131,8789
194,8790
87,8791
131,8792
131,8793
131,8794
157,8795
87,8796
185,8797
22,8798
194,8799
251,8800
155,8801
185,8802
155,8803
131,8804
131,8805
131,8806
208,8807
131,8808
155,8809
131,8810
181,8811
152,8812
155,8813
185,8814
181,8815
165,8816
131,8817
131,8818
152,8819
131,8820
165,8821
194,8822
208,8823
26,8824
26,8825
165,8826
87,8827
251,8828
152,8829
87,8830
131,8831
152,8832
185,8833
87,8834
131,8835
131,8836
185,8837
185,8838
131,8839
251,8840
155,8841
131,8842
155,8843
208,8844
155,8845
181,8846
131,8847
194,8848
152,8849
185,8850
155,8851
165,8852
155,8853
165,8854
181,8855
185,8856
185,8857
152,8858
131,8859
131,8860
152,8861
131,8862
194,8863
165,8864
131,8865
152,8866
194,8867
131,8868
155,8869
131,8870
131,8871
181,8872
155,8873
165,8874
194,8875
155,8876
155,8877
152,8878
131,8879
26,8880
251,8881
185,8882
185,8883
165,8884
194,8885
251,8886
165,8887
155,8888
155,8889
157,8890
131,8891
165,8892
131,8893
152,8894
131,8895
201,8896
131,8897
165,8898
155,8899
28,8900
87,8901
131,8902
181,8903
155,8904
155,8905
131,8906
131,8907
185,8908
181,8909
131,8910
181,8911
194,8912
194,8913
251,8914
145,8915
145,8916
179,8917
145,8918
64,8919
145,8920
300,8921
300,8922
300,8923
145,8924
145,8925
173,8926
172,8927
64,8928
145,8929
145,8930
172,8931
172,8932
145,8933
64,8934
145,8935
145,8936
300,8937
64,8938
64,8939
300,8940
50,8941
173,8942
91,8943
145,8944
50,8945
64,8946
64,8947
145,8948
64,8949
145,8950
64,8951
172,8952
64,8953
145,8954
64,8955
172,8956
50,8957
64,8958
64,8959
145,8960
50,8961
173,8962
172,8963
300,8964
300,8965
64,8966
148,8967
145,8968
145,8969
195,8970
300,8971
145,8972
195,8973
173,8974
64,8975
145,8976
195,8977
64,8978
173,8979
145,8980
300,8981
50,8982
64,8983
300,8984
64,8985
172,8986
50,8987
300,8988
173,8989
145,8990
64,8991
145,8992
50,8993
145,8994
64,8995
172,8996
64,8997
172,8998
77,8999
145,9000
